User,Item,Predicted Rating,Actual Rating
573,0,4.030721976164639,
573,1,3.287030605120024,2.5
573,2,3.698075084159492,4.0
573,3,3.9235051665578293,4.5
573,4,3.316226877976202,3.0
573,5,3.6420432254801836,3.0
573,6,3.2182801016556692,
573,7,3.796519087729164,
573,8,3.7958433606607165,4.0
573,9,3.537706148450231,
573,10,3.245746308260372,3.0
573,11,3.3889737090107337,4.0
573,12,3.1252082058347948,2.0
573,13,2.8619198590495722,3.5
573,14,4.091752381429617,4.0
573,15,3.4199483296467212,3.0
573,16,3.291343349387469,3.5
573,17,3.802247226552168,4.0
573,18,3.872518367184676,4.0
573,19,3.801837590640797,4.5
573,20,2.912960561778858,1.5
573,21,3.777887872379078,4.0
573,22,4.052716465237133,4.0
573,23,3.911150808317938,
573,24,3.340870990617166,
573,25,2.8777594495110703,4.0
573,26,3.2694251231603197,4.0
573,27,3.819865227383431,
573,28,4.217301886396911,3.5
573,29,4.089024329196657,4.0
573,30,3.6509810842681283,3.5
573,31,3.152765173775486,3.0
573,32,2.6646124460905964,3.5
573,33,3.543640787771942,3.5
573,34,3.0034990093104215,
573,35,3.2796721026393345,2.0
573,36,3.4375098456937665,3.0
573,37,2.879168134376229,3.0
573,38,2.5309511319027767,3.0
573,39,2.9756806389188797,2.5
573,40,3.2882626913533683,3.0
573,41,3.3196924092894156,
573,42,2.825072338258898,3.0
573,43,3.7447051387799726,3.5
573,44,3.72492565905197,
573,45,3.135325267579502,3.0
573,46,2.4107496253033136,2.5
573,47,3.0883945365213985,3.0
573,48,3.5856141254776293,5.0
573,49,2.8289635787706238,3.0
573,50,2.829539026306103,2.0
573,51,2.7544289836546048,3.0
573,52,2.725158848575434,4.0
573,53,3.5735218127559576,2.5
573,54,3.2342791994232845,
573,55,2.9321756374433092,3.0
573,56,3.425804517663784,
573,57,3.3857868889662135,
573,58,3.6250721854150108,3.0
573,59,3.9266986422728007,3.0
573,60,3.6649719600874575,
573,61,4.1333955484722456,4.0
573,62,3.811463175026245,5.0
573,63,4.182659634933327,
573,64,2.3531111310568456,2.5
573,65,3.1023986631460256,
573,66,2.7919500399645534,2.5
573,67,3.673159324139139,5.0
573,68,2.9115694263848795,2.5
573,69,2.9631547038756234,2.5
573,70,2.8312001597899332,3.0
573,71,3.590292427966933,4.0
573,72,3.2029910350690822,4.0
573,73,2.5541566948974315,
573,74,3.01457761019625,4.0
573,75,3.563471668961268,
573,76,3.946800649546555,
573,77,3.258500102440816,4.0
573,78,3.805290402432457,
573,79,3.91722718937935,4.0
573,80,3.893394199178333,
573,81,3.3271943468843963,3.0
573,82,3.5967320809334695,4.5
573,83,3.9901549179196114,
573,84,2.53470033880592,
573,85,2.829723823452285,
573,86,2.899678936158705,
573,87,3.8270763756209725,
573,88,2.883021934697247,
573,89,3.2081008562542257,
573,90,3.2903194254785433,
573,91,3.486202591214215,
573,92,2.716975354236536,
573,93,3.500515717510006,3.5
573,94,2.792872734340641,2.5
573,95,2.5155770792556815,3.0
573,96,3.0628815311655555,3.0
573,97,3.4257624957141224,1.5
573,98,3.017579109830753,3.0
573,99,3.518915499491432,
573,100,3.493533131161807,
573,101,3.693893826372422,
573,102,4.22823021967469,4.0
573,103,3.203305376754179,
573,104,3.2850600730435016,
573,105,3.233166953526231,3.5
573,106,3.500468174492131,
573,107,3.3439461545187155,3.0
573,108,3.125218313346333,
573,109,2.7372056832357794,
573,110,3.213653377586252,
573,111,3.8993074128404834,
573,112,3.0732622325920635,3.0
573,113,3.2565710000796377,3.5
573,114,3.788416911157542,3.0
573,115,3.182230463696263,3.0
573,116,3.803897356918008,
573,117,3.470639150391691,
573,118,3.0064930614596848,2.5
573,119,3.7658396739854276,
573,120,2.903595592518083,3.0
573,121,3.7167647538255775,
573,122,3.0039530394721288,3.0
573,123,3.981579492868565,4.5
573,124,3.080715057766379,
573,125,2.8692788966580736,2.5
573,126,3.6582334618200116,
573,127,2.920487889930055,
573,128,3.3504084464763495,
573,129,2.8058165883182595,4.0
573,130,3.002272724699215,4.5
573,131,3.514284406242219,
573,132,3.3930749944481717,3.0
573,133,3.4752900689665096,3.0
573,134,3.4254836479687,
573,135,3.0711704932255763,3.0
573,136,3.457308716638303,3.5
573,137,3.826957646482881,3.5
573,138,3.375219315229967,
573,139,3.1722990467043255,3.0
573,140,3.58604123985607,4.5
573,141,2.39907871969678,3.5
573,142,3.3785124215096154,4.0
573,143,2.154812362000798,3.0
573,144,3.1876058600114554,
573,145,3.21103042790003,4.0
573,146,3.6554502218462566,
573,147,3.7765568488604258,4.0
573,148,3.020018290909106,3.5
573,149,3.580601167798703,
573,150,3.55623124753888,
573,151,3.4061372156842054,
573,152,3.3961215532594298,
573,153,3.619409905023772,4.5
573,154,2.8337930776673383,2.5
573,155,3.891265353749976,
573,156,2.939359264726518,2.5
573,157,3.699636651264717,
573,158,3.508072672892207,
573,159,3.483274887046326,4.0
573,160,3.3503085112785778,2.0
573,161,2.8677374868683105,
573,162,3.585783759119084,3.5
573,163,2.953479573994745,
573,164,3.4251986287553478,3.5
573,165,3.6233753771006527,5.0
573,166,2.9884070832279934,
573,167,2.938592541360071,3.0
573,168,3.9421490474678924,4.5
573,169,3.345786182545153,3.5
573,170,2.8184576498571565,
573,171,2.987841376331522,
573,172,2.929623544805591,3.0
573,173,2.560874088928538,
573,174,2.813070223117996,3.0
573,175,3.4375182644585425,
573,176,3.059081446746138,
573,177,2.2974927955705082,2.0
573,178,3.810844334648284,4.5
573,179,3.478784490742521,3.5
573,180,3.29384206936495,3.5
573,181,2.7079651747297153,3.0
573,182,3.6668669171900197,3.0
573,183,3.072749155246375,3.5
573,184,3.259258904922845,3.5
573,185,2.8232842981424646,3.0
573,186,2.796290873056003,3.5
573,187,3.310407689798496,
573,188,3.130880866225399,3.5
573,189,3.0801938688907935,3.0
573,190,3.2916980940188347,4.5
573,191,3.849311153664973,2.5
573,192,2.9418776425256836,3.0
573,193,3.4202919826761584,3.5
573,194,3.405153641145791,
573,195,3.105757761480298,
573,196,3.8567153123404614,3.5
573,197,3.0401513792146146,
573,198,2.962696913953457,3.5
573,199,3.149602094389628,3.0
242,0,4.997408787298628,
242,1,4.611744678463077,5.0
242,2,4.999658199888759,
242,3,4.743981809156675,
242,4,4.461511739776833,4.0
242,5,5.0,
242,6,4.827518887573837,4.0
242,7,4.990751092358414,5.0
242,8,5.0,5.0
242,9,4.756264918005191,
242,10,4.513509827973643,5.0
242,11,4.617146618659033,4.0
242,12,4.221082693567954,
242,13,3.964008441071673,
242,14,4.819693031014154,5.0
242,15,4.841004927318956,5.0
242,16,4.573813852482411,5.0
242,17,5.0,5.0
242,18,4.672961843134382,
242,19,4.757078338612471,5.0
242,20,3.937828813683746,4.0
242,21,5.0,5.0
242,22,4.694743402632412,
242,23,4.80696766590596,5.0
242,24,4.139051079955614,5.0
242,25,4.054413105299275,
242,26,4.153243815695328,4.5
242,27,4.7311794932416005,5.0
242,28,4.885111478567688,
242,29,5.0,
242,30,4.459041192554446,4.0
242,31,4.091749937106407,3.5
242,32,4.153228174069616,4.0
242,33,4.984352245342153,
242,34,4.159154496649306,
242,35,4.524486152012768,5.0
242,36,4.360217682939092,4.5
242,37,3.9644317969883818,3.5
242,38,3.292988022238772,3.0
242,39,3.823206796083604,5.0
242,40,5.0,4.0
242,41,4.396507088220108,5.0
242,42,3.4184896126768067,3.5
242,43,4.8915526165084575,5.0
242,44,4.9487750919936735,5.0
242,45,4.247247535758242,5.0
242,46,3.644410520612274,5.0
242,47,4.1818976182049585,4.0
242,48,4.994958785324908,5.0
242,49,3.9071157563201213,4.5
242,50,3.9636740241471067,
242,51,3.617965631164669,3.5
242,52,4.192172555816959,
242,53,4.684280367597056,5.0
242,54,4.435296249781499,5.0
242,55,4.143763405927096,
242,56,4.862132738688366,
242,57,4.41316574925708,4.0
242,58,4.949615994361199,5.0
242,59,5.0,
242,60,4.78983074065609,
242,61,4.984731258690251,4.5
242,62,4.932978555077282,5.0
242,63,4.636374486955189,
242,64,3.773518442018119,4.0
242,65,4.105051262303926,4.0
242,66,3.8296655106884274,0.5
242,67,4.827633638362402,5.0
242,68,4.339728436685174,4.0
242,69,3.5314650902690774,
242,70,3.6219923667844607,3.0
242,71,4.5572463909283725,5.0
242,72,4.439263309620809,
242,73,3.3614818596966884,5.0
242,74,3.5377287947359872,4.5
242,75,4.892278611042382,4.0
242,76,4.912241441688742,
242,77,4.398317908692767,
242,78,4.6491821601774594,
242,79,4.8906347365912115,
242,80,4.56880773760795,
242,81,4.623517528956329,5.0
242,82,4.6603363045154325,
242,83,4.814643753643359,
242,84,4.081043894604745,
242,85,3.878060337728767,4.0
242,86,3.7012393213446475,4.0
242,87,4.960972278684045,5.0
242,88,3.8575234647486627,
242,89,4.722419041639085,5.0
242,90,4.572369096375832,4.5
242,91,4.631674850544453,
242,92,3.937944327452931,4.5
242,93,4.749777491706217,5.0
242,94,4.407904464002775,5.0
242,95,3.4634528429865283,4.0
242,96,4.020729044589291,
242,97,4.6818757935594,5.0
242,98,3.9685843604249635,
242,99,4.6218163292970935,
242,100,4.35515010956124,
242,101,4.435263046398941,
242,102,4.787094022549818,
242,103,4.128360520218765,4.0
242,104,4.657427806476654,3.5
242,105,4.540924234539194,4.0
242,106,4.586662445075964,5.0
242,107,4.832512523341409,5.0
242,108,4.279863950114598,3.5
242,109,4.270436092713727,
242,110,3.956958954856627,5.0
242,111,4.634518620759958,
242,112,4.410938045815228,
242,113,4.125929698556113,4.0
242,114,4.751547655809903,5.0
242,115,4.653625953996257,4.5
242,116,4.801276512888701,5.0
242,117,4.420547258199512,
242,118,4.005421997985547,
242,119,4.929157403113454,4.0
242,120,3.79863219205887,3.5
242,121,4.682596223203651,5.0
242,122,4.234289817975668,5.0
242,123,4.89479605468001,
242,124,3.801225318241597,
242,125,3.7774267543127213,3.5
242,126,4.474452461301534,5.0
242,127,3.6403149247187785,
242,128,4.563224756544731,5.0
242,129,3.8063106852323,
242,130,4.068714588199315,
242,131,4.6860120641380005,5.0
242,132,3.940665884121908,
242,133,4.670407796171676,
242,134,4.414408580668789,
242,135,4.333584313570116,
242,136,4.088477926906113,
242,137,4.502914209450751,
242,138,4.545841691551618,5.0
242,139,4.437471465697661,5.0
242,140,4.317679252168028,5.0
242,141,3.773428061919539,5.0
242,142,4.43996744185328,5.0
242,143,3.679897079294367,4.0
242,144,4.2055466957303675,
242,145,4.687413730073082,4.0
242,146,4.387861675322074,4.5
242,147,4.858951234251588,4.0
242,148,4.089825122921903,
242,149,4.1597260475062905,
242,150,4.627603775522275,
242,151,4.732401383646298,
242,152,4.222081809691615,
242,153,4.35611069861668,5.0
242,154,4.114238712720859,
242,155,5.0,
242,156,3.711346847748397,3.5
242,157,4.696354780466016,5.0
242,158,4.524399757127358,5.0
242,159,4.694222711943364,4.5
242,160,4.7709023170593365,
242,161,3.7169598140818447,2.0
242,162,4.624710405033637,5.0
242,163,4.25810894482091,3.0
242,164,4.745694646200841,5.0
242,165,4.696832750960273,4.0
242,166,3.6733560725950003,3.5
242,167,4.171867378497814,
242,168,4.48237038626586,5.0
242,169,4.34029361553238,5.0
242,170,3.837353035516827,
242,171,4.403422338955919,4.5
242,172,3.6040897009583226,
242,173,3.5106934557694602,4.0
242,174,4.0449337453291205,3.5
242,175,4.80815075879819,5.0
242,176,4.358200791269119,
242,177,3.5623249399002836,3.0
242,178,4.679251812830735,
242,179,4.829706703047699,
242,180,4.918879978566788,
242,181,3.8874559433788045,4.0
242,182,4.097489952926669,4.0
242,183,4.307182689488393,4.5
242,184,4.301656317186077,4.0
242,185,4.073274264945484,3.5
242,186,3.920280722106715,
242,187,4.206341945487997,
242,188,4.34629155337716,
242,189,4.463723809156809,4.0
242,190,3.9543737882908396,
242,191,4.544792309557736,
242,192,3.9771457215232364,3.0
242,193,4.522692025298547,5.0
242,194,4.466259005250363,4.5
242,195,4.314019644675324,5.0
242,196,4.719547999765017,
242,197,4.387207225627868,4.0
242,198,4.650762384931095,4.0
242,199,4.301710960583805,
515,0,3.7207337069435287,2.0
515,1,4.244020780106516,4.5
515,2,4.553655282025008,5.0
515,3,4.247200662030562,
515,4,3.7295948356095354,3.0
515,5,3.8232165488769727,2.5
515,6,4.295772175347033,4.5
515,7,4.321057553605462,3.5
515,8,4.368960101502767,
515,9,4.43948627413097,
515,10,3.886160598378303,4.0
515,11,4.117244714579644,5.0
515,12,3.8222106554038406,3.5
515,13,3.295329865673539,4.5
515,14,4.377107233583349,5.0
515,15,3.3407006692374654,2.5
515,16,3.4613508940421465,
515,17,3.830870872779266,2.5
515,18,4.027956437777097,4.5
515,19,3.529813018781536,3.5
515,20,3.996112057907373,
515,21,4.052052696993928,4.0
515,22,3.353506668497485,2.5
515,23,3.986276316726731,4.5
515,24,3.7160221658991905,4.5
515,25,3.7415766333600398,3.5
515,26,3.805565813642625,4.0
515,27,3.9107190435601344,
515,28,3.63578501198975,
515,29,3.6328983499882757,3.5
515,30,4.536050240846335,4.5
515,31,3.8523342231951627,4.0
515,32,3.2382558573604836,4.5
515,33,3.6293973815031313,3.5
515,34,3.58450463441501,3.0
515,35,4.240521119872836,4.5
515,36,4.133862074410849,
515,37,3.605990450455884,4.0
515,38,3.2765476485332545,4.0
515,39,3.4421555304378018,2.5
515,40,3.7530080150352068,3.5
515,41,3.756698586082483,
515,42,3.4090537294382095,3.5
515,43,3.761630996871322,3.5
515,44,3.9175129168638887,
515,45,4.095842398969207,4.5
515,46,2.9079245219190524,
515,47,3.8067012584493787,2.5
515,48,3.9304597579212293,4.0
515,49,3.2997373737670004,3.0
515,50,3.439368682560815,
515,51,3.534778830499318,
515,52,3.582995250540292,4.0
515,53,3.8335363395708506,3.0
515,54,3.515033663080874,4.0
515,55,3.571077098771375,3.5
515,56,3.8602787437674144,3.5
515,57,3.665997989345653,3.5
515,58,3.7384536305606373,4.0
515,59,3.478780517297134,
515,60,3.3495016147706744,3.0
515,61,3.783387341466887,4.0
515,62,3.9426784837649613,5.0
515,63,3.3305815549720412,4.0
515,64,2.828042264622999,2.0
515,65,3.6788308554845726,3.5
515,66,3.683176230153278,3.0
515,67,3.7268493741508935,4.0
515,68,3.574892367157366,3.0
515,69,3.506051980970506,4.5
515,70,3.4216395207557557,3.5
515,71,3.7335132704652922,3.0
515,72,4.305663508713092,5.0
515,73,3.031033527279,3.0
515,74,3.650459691749563,
515,75,3.75407941334538,4.5
515,76,3.3961771473953677,
515,77,3.396644812642669,
515,78,3.4082120088760184,
515,79,3.8227764295999718,
515,80,3.353615647647189,2.5
515,81,3.6600775045553844,4.5
515,82,3.5711275315142323,3.5
515,83,3.508448690286405,
515,84,3.1618823224837995,
515,85,3.498927061211971,3.5
515,86,3.1935637740259932,4.0
515,87,3.7342762268657426,3.0
515,88,3.6839499661423973,3.5
515,89,3.8624797667790904,4.5
515,90,3.013165738941988,
515,91,3.5258840845392196,3.5
515,92,3.135633829487414,3.5
515,93,3.12598963793535,3.0
515,94,3.6227138554392546,3.0
515,95,3.086271897648426,2.0
515,96,4.140010131468258,3.5
515,97,3.8829760327822385,4.5
515,98,3.638380818035858,
515,99,3.1022978383157223,3.0
515,100,3.8268988997821283,
515,101,3.7983537307962383,3.5
515,102,3.7225199115934653,4.5
515,103,3.0996338978180487,
515,104,4.09202963958267,4.5
515,105,3.8369003817747456,4.0
515,106,3.5987709760899884,3.0
515,107,3.958684727344598,
515,108,3.7936896202481356,4.0
515,109,3.8347040806113206,3.5
515,110,2.8961572922621017,
515,111,3.2271459156809827,2.5
515,112,3.897859787690884,3.5
515,113,3.5744786232255943,
515,114,3.3501694253905088,
515,115,3.755547410375063,
515,116,4.310309300132045,
515,117,4.339335297431182,4.5
515,118,3.7505940708534484,5.0
515,119,3.33172101496311,
515,120,3.523960928736484,2.5
515,121,3.356611879334727,2.5
515,122,3.728020202822975,3.5
515,123,3.756548687862476,4.0
515,124,3.8698559423405734,3.5
515,125,3.1351356945603337,
515,126,3.4146479125417017,3.5
515,127,3.0249966447035446,2.5
515,128,3.914973002149602,3.5
515,129,3.469925608882048,
515,130,3.9924705021204088,3.5
515,131,3.5409607533351117,4.0
515,132,3.8760520713072264,
515,133,2.98952269919623,3.0
515,134,3.335565196914052,3.0
515,135,3.870793888821567,
515,136,3.3527498671532934,3.0
515,137,3.680092035487651,3.0
515,138,3.911247003116066,4.0
515,139,3.3961681520212847,
515,140,4.136289901724438,
515,141,3.163926099005939,
515,142,4.267484457541918,4.0
515,143,2.726838940747616,3.5
515,144,3.5862454212820674,4.0
515,145,3.8658640107729068,
515,146,4.0131500807742135,
515,147,3.058057090304434,3.0
515,148,3.737864916703038,
515,149,3.3251329089872486,3.5
515,150,3.084031868309787,
515,151,3.3818310005470904,3.5
515,152,4.130320780728757,
515,153,3.5073998160659867,3.5
515,154,3.4408822755978603,
515,155,3.919562264032013,4.0
515,156,3.4974964138011813,3.5
515,157,4.039128085255608,4.0
515,158,4.235885822641179,2.5
515,159,3.1760066021350326,4.0
515,160,3.7526265604196953,4.0
515,161,3.745541939427029,2.5
515,162,3.3144047452257173,
515,163,3.3941266352009074,
515,164,3.8116734335031834,3.0
515,165,3.225660363549374,
515,166,3.774810719057837,3.5
515,167,3.927913113196534,4.0
515,168,3.1227787546568484,
515,169,3.670820073524357,3.0
515,170,3.687848515523612,
515,171,3.5936343922595486,
515,172,3.4959374959719374,4.0
515,173,2.656067290828491,4.5
515,174,3.86028714769635,3.5
515,175,3.898248296467462,4.5
515,176,3.6880563466073872,3.5
515,177,3.163391752739128,
515,178,3.451668059138663,4.5
515,179,3.77009631312824,4.0
515,180,3.2153501949001493,3.0
515,181,3.0131733245955425,2.5
515,182,3.7158812149454676,
515,183,3.5907433213186577,3.0
515,184,3.6673053218523535,
515,185,3.119128695240087,4.0
515,186,3.5428770481749794,4.0
515,187,4.146989302156018,
515,188,4.024334721099838,4.0
515,189,3.5119337785966085,3.5
515,190,3.5764058328809956,
515,191,3.272047944809879,4.0
515,192,3.4318140651420728,
515,193,3.9299446056393252,4.5
515,194,3.4352929083598114,3.0
515,195,3.4761127408263093,
515,196,4.1297866417897655,
515,197,3.441532441854916,
515,198,3.729249127440952,5.0
515,199,3.8424106465685473,
712,0,4.357562030173573,5.0
712,1,4.191502690861766,5.0
712,2,4.793739817143273,5.0
712,3,4.64406595258853,5.0
712,4,3.880768266787775,4.5
712,5,4.456819170732624,3.0
712,6,4.246509937639773,
712,7,3.877822189480546,4.0
712,8,4.295450308262494,3.0
712,9,4.622940982038572,5.0
712,10,4.1793332689573575,4.0
712,11,3.908096481489597,4.0
712,12,3.9874732901839063,4.0
712,13,3.312378651144472,4.0
712,14,4.505516331082029,4.0
712,15,4.003551203502179,5.0
712,16,3.7378237754505905,4.0
712,17,4.3870394281659255,5.0
712,18,4.1625786438082795,
712,19,3.770389881950846,3.0
712,20,4.080513329395129,
712,21,4.292114838052789,
712,22,3.8663747407930944,4.0
712,23,4.291771187538339,5.0
712,24,3.4881459775492045,3.0
712,25,3.895921257007228,4.0
712,26,3.7072625932033882,3.0
712,27,4.186906474331232,1.0
712,28,4.3107814605528345,5.0
712,29,3.97273752318,5.0
712,30,4.407405207665059,4.0
712,31,4.122016159871753,
712,32,2.8246567220375822,3.0
712,33,4.182611380779463,5.0
712,34,3.4970357585933938,4.0
712,35,4.550138936923271,4.5
712,36,3.4190055546433897,4.0
712,37,3.841088696825301,4.0
712,38,3.22180623903841,
712,39,3.240899517177786,3.0
712,40,4.438634644681385,5.0
712,41,3.4571969831711993,3.0
712,42,3.195849073358133,3.0
712,43,3.9195349469532728,4.0
712,44,3.735350413338239,
712,45,4.075004606661102,4.0
712,46,2.525861229086404,3.0
712,47,3.9988966085748867,4.0
712,48,3.8186561120599536,3.0
712,49,2.9891145416894007,3.0
712,50,3.637740482710907,
712,51,3.5553764260611582,4.0
712,52,2.969120043898957,
712,53,4.071924106644586,3.0
712,54,3.7323073905209982,4.0
712,55,3.0848869201105256,3.0
712,56,4.286056203729414,5.0
712,57,3.584459119425971,
712,58,3.9457924178884833,4.0
712,59,4.386203785264225,
712,60,4.024852815027167,
712,61,3.961008180592748,3.0
712,62,3.8244114710334975,4.0
712,63,4.646373908512825,
712,64,3.1194730832190785,3.0
712,65,3.518007921502497,4.0
712,66,3.2099211880432206,4.0
712,67,3.655100325313308,4.0
712,68,3.5130109228823057,
712,69,3.5414853912141413,2.0
712,70,3.0387268239643266,3.0
712,71,3.529993689074818,3.0
712,72,4.337802044667772,4.0
712,73,2.4407613749202723,3.0
712,74,3.632108364021083,4.0
712,75,3.2447413291186775,1.0
712,76,4.243328212761633,
712,77,3.3001236738179967,
712,78,4.363315635993302,4.0
712,79,3.986387305674664,4.0
712,80,3.211444389382047,3.0
712,81,3.41697132006643,3.0
712,82,3.8864162347538773,5.0
712,83,4.367090845457514,
712,84,3.066719654270838,
712,85,3.1519918030750866,3.0
712,86,3.2142404652203957,3.0
712,87,4.129895828044359,4.0
712,88,3.6969845474056524,
712,89,3.771049783484443,
712,90,3.6989128178558737,
712,91,3.544252274871879,2.0
712,92,2.913687909056419,
712,93,3.9349381535909678,
712,94,3.0540700186660374,2.0
712,95,2.6074849220912197,3.0
712,96,4.078232300593863,
712,97,3.452755060812554,3.0
712,98,3.704560875666384,3.0
712,99,3.8737063276214476,
712,100,3.8480828546853303,
712,101,4.1906837875998955,
712,102,3.384926914481131,
712,103,3.4328016153447045,3.0
712,104,4.283712772461821,5.0
712,105,3.7172902536563397,
712,106,3.3922879147765554,
712,107,3.832007510702246,
712,108,3.5991802928382417,4.0
712,109,3.7340252758486843,4.0
712,110,3.5033402322263525,
712,111,3.692582748423155,4.0
712,112,4.227238218672991,4.5
712,113,3.9941947441236048,4.5
712,114,3.989149329494556,
712,115,3.709408219233582,3.0
712,116,3.6263118364325577,4.0
712,117,4.3154411902112955,4.0
712,118,3.076544586881911,
712,119,3.9923724570835426,
712,120,3.163023937682434,
712,121,3.99618619439863,
712,122,3.9556586530859517,4.0
712,123,3.628945333025806,
712,124,3.6076554226389685,4.0
712,125,2.984616591332487,3.0
712,126,4.186596461185289,4.0
712,127,2.9652361253655606,
712,128,2.910876684713568,
712,129,3.3566855406999756,4.0
712,130,3.969063941611094,3.0
712,131,4.448494038631954,
712,132,3.843050713423704,4.0
712,133,3.903227957598122,
712,134,3.662756525585669,
712,135,3.9980162428173367,5.0
712,136,3.2122246561310286,1.0
712,137,3.63312776184487,
712,138,4.11936852831373,4.0
712,139,3.602173266188123,4.0
712,140,3.7185998647372465,4.0
712,141,2.862527716984302,2.0
712,142,3.962867106573495,
712,143,2.2502453839668806,
712,144,3.7769941803011857,
712,145,4.0171310281726615,5.0
712,146,3.394898199340129,2.0
712,147,3.554844919603969,
712,148,3.711285189106495,
712,149,3.5895913239437776,
712,150,3.5400847403509643,
712,151,4.226524971819024,
712,152,3.881937228773949,3.0
712,153,3.4294358056775214,
712,154,3.7421847546029743,4.0
712,155,4.153608919465497,
712,156,3.4917283525150955,
712,157,3.8356980687168374,2.0
712,158,3.3056332736018152,3.0
712,159,3.228730405255398,3.0
712,160,4.202634054243089,
712,161,3.710767429034113,1.0
712,162,3.300737352100615,4.0
712,163,3.0485842901335864,
712,164,3.8605033568111913,2.0
712,165,4.354163141897863,3.0
712,166,3.5935234119587665,4.0
712,167,3.756854851648003,4.0
712,168,3.4872313450872086,3.0
712,169,3.131659824767286,
712,170,3.352855135109725,
712,171,3.621202119906741,
712,172,3.544480844686828,
712,173,2.384353845004198,2.0
712,174,3.7786854410693893,4.0
712,175,3.7742417538919426,2.0
712,176,3.858378908835501,4.0
712,177,2.7647820840223454,3.0
712,178,3.863500791648757,3.5
712,179,4.291213074920775,2.5
712,180,3.9405376190129524,
712,181,2.798519402793427,
712,182,2.9205718447039164,3.0
712,183,3.3449101981317626,
712,184,3.8042677345062943,3.0
712,185,2.7524652170883352,3.0
712,186,3.491553219528444,3.0
712,187,3.8925492412989655,4.5
712,188,3.8397217912979236,
712,189,2.8036218320801725,2.0
712,190,3.672689402930434,
712,191,3.8971233495187794,4.0
712,192,3.8805298962694206,4.0
712,193,3.5471741501447913,4.0
712,194,3.8290848226601892,4.0
712,195,3.447041445339691,3.0
712,196,4.17761816075603,
712,197,4.234692826457497,4.5
712,198,2.8216169058026965,
712,199,3.5599227278710295,3.0
749,0,4.780551087592326,5.0
749,1,3.4771404761696973,
749,2,4.2341268736293,4.0
749,3,4.139003101828356,4.0
749,4,3.495709346658169,3.0
749,5,4.005978162856798,3.5
749,6,3.643448070052298,4.0
749,7,3.7415377685428695,
749,8,3.763652873603485,5.0
749,9,4.051562165913889,3.5
749,10,3.8730431123470224,
749,11,3.597566416556474,3.5
749,12,3.546606325739938,
749,13,2.738373979401034,2.0
749,14,4.3326170602570135,4.0
749,15,3.7344425271675483,
749,16,3.5210623964415957,3.0
749,17,3.906843746088506,5.0
749,18,4.195521355316005,5.0
749,19,4.302931977243354,
749,20,3.517860316915176,3.0
749,21,4.135750482272261,4.0
749,22,4.569315507790332,4.0
749,23,4.327541145816888,5.0
749,24,2.975039402946556,5.0
749,25,3.2702295415794644,4.0
749,26,3.1943360583001006,2.5
749,27,3.7180194982158077,4.0
749,28,4.644181663295798,
749,29,4.6204107233833245,4.5
749,30,3.8194561778174076,3.0
749,31,3.542170499877918,3.5
749,32,2.8331118004868214,
749,33,4.089090409119372,
749,34,3.122381735758384,3.0
749,35,3.739826516955615,3.5
749,36,3.3103550014809113,3.0
749,37,3.5491470760883383,3.0
749,38,2.63324013063674,3.5
749,39,2.880797244076343,3.0
749,40,3.8367818604866213,4.0
749,41,3.2569050723476005,3.0
749,42,2.9403434299073186,3.0
749,43,3.8614054150384343,3.0
749,44,4.665202425760409,
749,45,3.4310070001113444,3.5
749,46,2.305882654069675,2.0
749,47,3.5797500311455437,
749,48,3.9491177213168185,5.0
749,49,2.4207772641991556,3.0
749,50,3.5540867443034503,
749,51,2.919557727765753,3.5
749,52,2.9959881448651995,
749,53,3.8960604798706027,4.0
749,54,3.707973438147009,4.0
749,55,2.8477735650551925,3.0
749,56,3.9156022250465066,4.0
749,57,3.190130304616787,2.5
749,58,3.808814166130416,
749,59,4.282949292703582,5.0
749,60,4.480131320949728,
749,61,4.620983077870249,5.0
749,62,3.777932918380779,4.0
749,63,4.457169761560759,5.0
749,64,2.5878760313286437,2.5
749,65,3.0382498048409574,3.0
749,66,3.0015105848234898,3.0
749,67,3.8309152162008657,3.0
749,68,3.0670755719131217,3.0
749,69,3.0032406342252997,3.0
749,70,2.834049486316089,2.5
749,71,3.5908367308131184,4.0
749,72,3.62347373399842,4.0
749,73,2.11317171219564,
749,74,3.396191968136453,3.0
749,75,3.607785855329634,3.0
749,76,4.552431532201143,4.0
749,77,3.3666346366147586,4.0
749,78,4.29086519550121,5.0
749,79,3.995735541913164,4.0
749,80,4.308128671418122,5.0
749,81,3.0588817991462585,4.0
749,82,4.292908659546773,4.0
749,83,4.4092122382346295,5.0
749,84,2.936450791607049,3.0
749,85,3.4252056742102637,3.0
749,86,2.7713631486081507,3.0
749,87,4.044386287901622,4.0
749,88,2.9800410723579556,3.0
749,89,3.6253950739380447,3.5
749,90,4.311695182377292,5.0
749,91,4.130775267734982,
749,92,2.4601420383824113,2.0
749,93,4.6144432661797365,5.0
749,94,3.166500264319464,3.5
749,95,2.231885915238765,
749,96,3.5730558239349066,3.5
749,97,3.7464318002626102,4.0
749,98,3.5897002395081747,
749,99,4.334027215438665,5.0
749,100,3.7201636450155657,
749,101,4.299238828113506,3.5
749,102,4.406240196166231,
749,103,3.400769681995295,
749,104,3.8730683398790884,5.0
749,105,3.4896134721622336,3.0
749,106,4.102812138667498,4.0
749,107,3.8348806869535883,4.0
749,108,3.209401425780001,3.0
749,109,3.295731100540683,3.5
749,110,3.821967275346255,4.0
749,111,4.487641627213709,4.0
749,112,3.773557774218963,
749,113,3.79688078425852,
749,114,4.533580064140797,4.5
749,115,3.4652315358539076,3.0
749,116,3.8744902384750723,4.0
749,117,3.974984279615986,4.0
749,118,3.095284419371204,4.0
749,119,4.43065591219663,5.0
749,120,2.8211677120791614,3.0
749,121,4.6241712930841095,
749,122,3.7280297894849537,
749,123,4.44828287454132,5.0
749,124,3.2993395259886134,3.0
749,125,2.7316199384313364,
749,126,3.869677407898246,4.0
749,127,2.42942979981429,2.0
749,128,3.5671566153298198,4.0
749,129,3.092117478637462,
749,130,3.650782846609405,4.0
749,131,4.456048074632104,4.5
749,132,3.376726907113026,
749,133,4.181318059176191,4.5
749,134,3.566545777576639,3.5
749,135,3.5293511117447522,4.0
749,136,3.807334320681182,4.0
749,137,3.8519802265571887,3.5
749,138,3.6029543525528944,3.5
749,139,3.475829024957495,
749,140,3.591719778636906,3.5
749,141,2.5150104147679255,
749,142,3.556477901798633,
749,143,2.1427026692721034,
749,144,3.730188036751938,
749,145,3.8467006155005015,3.5
749,146,3.337343900131619,2.5
749,147,4.316752267400956,4.5
749,148,3.4256653868990887,
749,149,3.644676572624159,4.0
749,150,4.419077016975978,
749,151,4.343043464632235,4.0
749,152,3.5756228634808687,3.5
749,153,3.7413922692424775,4.0
749,154,3.514251157346608,4.0
749,155,4.280679089491102,5.0
749,156,2.9506208481616554,3.0
749,157,4.0415507040824235,4.0
749,158,3.690526764325627,3.0
749,159,3.5488845075795923,
749,160,3.9392050156601797,3.5
749,161,3.0852701055459204,3.0
749,162,3.6619703102857106,
749,163,2.8932749133961955,
749,164,3.6274999778164405,
749,165,4.4288494792935085,3.0
749,166,3.4216930187442145,
749,167,3.5337502105582588,
749,168,4.1972514392824305,4.0
749,169,3.057602726695068,3.5
749,170,3.1828508202979138,3.0
749,171,3.1156791312539003,3.0
749,172,3.2533398907577946,
749,173,3.1385025834589264,3.0
749,174,3.138958919302779,3.0
749,175,3.7790768979589413,4.0
749,176,3.4345465037596816,3.0
749,177,2.631801346302847,
749,178,4.179294116845734,
749,179,3.7428514336695233,4.5
749,180,4.11028573109364,5.0
749,181,2.5156499399554155,2.0
749,182,3.656737369182028,4.0
749,183,2.829380824029001,
749,184,3.8616823077333753,4.0
749,185,2.4758750373333513,
749,186,3.172210122844624,
749,187,3.696288946528622,4.0
749,188,3.3681792182894634,3.5
749,189,3.25077537026465,
749,190,3.746257256704458,
749,191,4.37825607594173,4.0
749,192,3.2923917153566844,
749,193,3.3752286756453147,4.0
749,194,3.9801575763788417,4.0
749,195,3.3044625947390536,3.5
749,196,4.362701142480518,3.0
749,197,4.056714304472974,4.0
749,198,3.653690780194069,5.0
749,199,3.077919637687803,4.0
873,0,3.9360092223326646,
873,1,3.638881833916368,3.0
873,2,4.040269596159633,4.0
873,3,3.7408026469297475,
873,4,3.6364849211516503,1.5
873,5,3.7787126421274397,
873,6,3.1861397700828094,
873,7,3.294797414999515,3.0
873,8,3.790714689332406,3.5
873,9,3.7304724128737625,
873,10,3.7669371092713386,2.0
873,11,3.2662430953448904,2.5
873,12,3.2553735551867473,
873,13,2.7444506675051925,3.0
873,14,3.81242443546204,
873,15,3.6401899561490527,
873,16,3.0547797566233124,
873,17,3.6550985123626383,
873,18,3.5947662759652723,4.0
873,19,2.9251849247241717,3.5
873,20,3.209137413047947,3.5
873,21,3.6880703574253184,3.5
873,22,3.4308518458121844,4.0
873,23,2.5958845683931013,
873,24,3.074267528624268,
873,25,2.9843826921925443,3.5
873,26,2.899007222559117,2.5
873,27,3.5839310586715127,5.0
873,28,3.9335153599747303,3.5
873,29,3.6342910287040784,
873,30,3.447607171870945,5.0
873,31,3.495383962106173,
873,32,3.036883588058849,4.0
873,33,3.5188789053633656,
873,34,3.2590101905514524,
873,35,3.6815384730159084,2.0
873,36,3.5052180278570013,4.0
873,37,3.078025029343115,
873,38,2.9752003016035227,4.0
873,39,3.4794283697956514,3.5
873,40,3.3528660750818684,4.0
873,41,3.386694477958479,
873,42,3.0021774447036833,3.0
873,43,2.940319854139304,3.0
873,44,3.826052113128751,3.0
873,45,3.325338874785375,
873,46,2.6351522042138744,
873,47,3.6408200591003186,4.0
873,48,3.5881518634015834,
873,49,2.48341944437442,2.0
873,50,3.199553888498922,2.0
873,51,2.663362373128259,
873,52,3.1360920956723604,3.0
873,53,3.818890964567089,4.5
873,54,3.4565622143507944,4.5
873,55,2.9376958881797846,2.5
873,56,3.7674472996891155,3.0
873,57,3.2940098880868596,
873,58,3.8619479013848017,4.0
873,59,2.9513546948648006,0.5
873,60,2.6648912433469354,
873,61,2.687797437481068,
873,62,3.2698925071242573,
873,63,3.8995852534812987,
873,64,2.263644445891734,4.0
873,65,2.8095837435828996,
873,66,3.1891118354144066,3.0
873,67,3.747098803625831,
873,68,2.9295693804899217,
873,69,3.0287561502164406,
873,70,2.759557707611578,4.0
873,71,3.280619971232398,3.0
873,72,3.5589760448114633,4.0
873,73,2.1980285077480035,1.5
873,74,2.98143028092473,3.0
873,75,3.350867247444863,2.5
873,76,3.0316532066336146,2.5
873,77,3.0099163944966385,
873,78,3.5717633848701777,
873,79,2.8128626708292934,0.5
873,80,2.947758209589453,
873,81,3.6114771984308236,
873,82,3.3924558707029275,
873,83,3.0906717716611434,
873,84,2.6855071850372316,
873,85,3.0997199208935,4.0
873,86,2.842876886070289,2.5
873,87,3.404095394537667,
873,88,2.9851333723221867,
873,89,3.498066060363386,4.0
873,90,3.262908726365591,
873,91,3.6999162132775294,
873,92,2.2789031444657026,2.0
873,93,3.2253558414447507,
873,94,3.5059781935160164,
873,95,2.664489282856222,3.0
873,96,3.582130062367922,
873,97,3.536461127250806,4.0
873,98,3.1024346994112646,2.5
873,99,3.7358830943282157,
873,100,3.2299753623792444,3.0
873,101,3.9111629687680383,4.0
873,102,3.584098013015495,
873,103,3.0479880955702714,
873,104,2.906700996909459,
873,105,3.222914309616378,
873,106,3.40659816917264,
873,107,3.4723011924798604,
873,108,3.100466470741472,3.0
873,109,3.1710065539405567,
873,110,2.151572851785441,
873,111,3.391809672382115,
873,112,3.430376502487066,4.5
873,113,3.5848196236605485,3.0
873,114,3.1938984588766735,
873,115,3.118468263336082,3.5
873,116,3.965577188489691,
873,117,3.704171404782024,
873,118,3.3621781193572757,2.5
873,119,3.9965736615751064,4.0
873,120,3.1047265391699326,4.0
873,121,3.219058607419548,
873,122,3.6250530556358944,
873,123,3.6757056469659433,2.0
873,124,3.358476832883241,1.5
873,125,3.2687338919090116,3.5
873,126,2.9267479188756615,4.0
873,127,2.355763633685129,
873,128,3.3869305150251114,4.0
873,129,3.31996329733111,4.0
873,130,3.36931389048657,4.0
873,131,3.057731437687504,
873,132,3.6617811337856083,3.5
873,133,2.7177513344425392,3.5
873,134,3.19262177560201,4.5
873,135,3.1764378667698474,4.0
873,136,3.0105542271863555,0.5
873,137,3.0660664513431,3.5
873,138,3.495660653666234,
873,139,3.5920791766684967,4.0
873,140,3.7669041282725133,4.5
873,141,2.467221969891338,
873,142,3.644969719789587,4.0
873,143,2.5369955776100275,3.5
873,144,3.0318791611295586,3.0
873,145,3.4973953788923153,3.5
873,146,2.910800446070666,3.5
873,147,3.52116368380238,
873,148,3.461787799570838,5.0
873,149,3.1525064926443833,2.5
873,150,3.7247955883517,3.5
873,151,3.2595186574545396,
873,152,3.7773851955355324,3.0
873,153,3.2060196401000645,1.5
873,154,3.3289722802707153,3.0
873,155,3.9167652423872092,3.5
873,156,3.066543182690161,3.0
873,157,3.9064624200020126,
873,158,3.570452690332152,4.0
873,159,3.331812310377649,3.0
873,160,3.3346129404987312,4.0
873,161,3.1017529367112817,
873,162,3.4894067716624706,4.0
873,163,3.1184817311385835,
873,164,3.3470056252364344,3.5
873,165,3.7827852049760393,5.0
873,166,3.6501481463173304,4.0
873,167,3.212633612976021,
873,168,3.437996731949087,4.5
873,169,3.26921780585838,4.0
873,170,3.0472804940853377,2.5
873,171,3.0209236251071765,
873,172,2.955978613108046,
873,173,2.2050615665707314,0.5
873,174,2.7738584586469344,3.0
873,175,3.208328092122252,4.0
873,176,2.9360031230517327,3.0
873,177,2.7381283640702887,3.5
873,178,3.021944857600729,
873,179,3.5559571263304433,3.5
873,180,3.5626735225831614,3.5
873,181,2.7986599257811466,3.0
873,182,3.0148058718669275,
873,183,2.387989807388882,
873,184,3.0738273339935676,4.5
873,185,2.553009204667191,2.5
873,186,2.7694660321720073,3.5
873,187,3.835336340280903,
873,188,3.1653228005469534,4.0
873,189,3.619074701822422,3.0
873,190,3.4646996357675093,
873,191,3.7439926277226165,
873,192,3.276988485324565,4.5
873,193,3.1049092998922614,
873,194,3.4724837879273416,
873,195,3.1354543147079257,3.0
873,196,4.040168986008473,
873,197,2.937784150347553,0.5
873,198,3.3111360828305334,3.0
873,199,3.3403269508543874,1.0
938,0,4.566393952004247,
938,1,4.263091883194526,4.5
938,2,4.732644065264116,4.5
938,3,4.539329050076522,4.5
938,4,4.0150639138304065,
938,5,4.3843232656710445,3.0
938,6,4.279316862227662,4.5
938,7,4.397807926543729,4.0
938,8,4.524422332016275,
938,9,4.719626108047989,4.5
938,10,4.397964577600762,
938,11,4.256354262743358,
938,12,4.218786939035601,4.0
938,13,3.389678016425723,3.5
938,14,4.637077583866874,5.0
938,15,4.14806518253352,3.0
938,16,3.954632016403664,4.0
938,17,4.445564242563758,4.0
938,18,4.43373342957067,
938,19,4.333390310705734,4.5
938,20,4.130836562123634,
938,21,4.571491582145932,5.0
938,22,4.518151086505416,4.5
938,23,4.521411217501466,4.5
938,24,3.8915527063337745,3.5
938,25,3.913154591736998,3.5
938,26,3.858784483676113,3.0
938,27,4.409716851304855,
938,28,4.719225246483318,4.5
938,29,4.5704603315971895,5.0
938,30,4.445187793217115,4.5
938,31,4.165321337727071,3.5
938,32,3.1541670345672568,3.5
938,33,4.445782737541815,
938,34,3.7034686571373423,
938,35,4.4937383920503775,4.0
938,36,3.9290163430081835,4.5
938,37,4.045251129038016,
938,38,3.471995394998249,3.5
938,39,3.3250676173884735,3.0
938,40,4.469408934780304,4.5
938,41,3.7107395070743525,3.5
938,42,3.5282468907194966,3.5
938,43,4.22370352744477,4.5
938,44,4.660803921228001,5.0
938,45,4.251716725728483,4.5
938,46,2.990984810135783,2.5
938,47,4.298953146372157,
938,48,4.6752118370320845,5.0
938,49,3.228370409920162,
938,50,3.939300749319656,
938,51,3.682878968123889,4.0
938,52,3.5174846179128356,2.5
938,53,4.60660780100646,5.0
938,54,3.940726575348152,
938,55,3.4390585518927326,3.5
938,56,4.518171248750859,4.5
938,57,3.769690127917573,3.0
938,58,4.140904799826911,4.5
938,59,4.3782376227216036,4.0
938,60,4.417038651649938,4.5
938,61,4.703562163217689,
938,62,4.292500580590677,4.5
938,63,4.553581890023431,4.0
938,64,3.0511393441026398,2.5
938,65,3.817036484733179,4.0
938,66,3.733342440052749,3.5
938,67,4.287500706997688,5.0
938,68,3.7615255044472975,
938,69,3.9006474535415414,
938,70,3.3234066236356394,4.0
938,71,4.260735783004346,4.0
938,72,4.34668822233984,4.0
938,73,2.726814278366184,2.5
938,74,3.93723260148362,
938,75,4.046707421605692,4.0
938,76,4.518314907224999,3.5
938,77,3.959510009631523,4.0
938,78,4.533557867455162,
938,79,4.258113262197496,4.5
938,80,4.301485152414301,4.5
938,81,3.9574774752036093,4.5
938,82,4.504904959591878,4.5
938,83,4.557841186875105,4.5
938,84,3.3868102208682145,3.0
938,85,4.042891152551874,
938,86,3.514540205718387,
938,87,4.386214424053775,5.0
938,88,3.7880587027386627,4.0
938,89,4.420733119561729,4.5
938,90,4.328854490405914,4.5
938,91,4.336051377154382,
938,92,2.978011997656764,3.5
938,93,4.30709656711665,4.5
938,94,3.4591871740382123,4.0
938,95,2.7159051053625913,
938,96,4.2720639169123045,
938,97,3.843313019062042,4.0
938,98,4.117426942535092,5.0
938,99,4.373103681761344,4.5
938,100,4.238173961644183,
938,101,4.609664086754526,5.0
938,102,4.607402084762074,5.0
938,103,3.9466314880072364,3.5
938,104,4.238566881114627,
938,105,4.07647646085956,
938,106,4.241629121399616,
938,107,4.371277458584247,4.5
938,108,4.1533642624094265,4.5
938,109,3.979736935156816,
938,110,3.733508762266999,4.0
938,111,4.279218592961347,4.5
938,112,4.376495325655874,4.5
938,113,4.391060689618199,4.5
938,114,4.268483292946661,4.0
938,115,4.0545138733547414,
938,116,4.582682257731363,
938,117,4.445793732753668,4.5
938,118,3.5439710022284334,4.0
938,119,4.569790476559506,
938,120,3.5803701888400727,
938,121,4.496747262999892,
938,122,4.146756450379928,4.5
938,123,4.595747908002179,4.5
938,124,4.039521478521297,4.0
938,125,3.343536448473942,
938,126,4.222475577212613,4.0
938,127,2.9465271136069933,
938,128,3.9530181011023764,4.0
938,129,3.846506176822584,
938,130,4.402895388440279,4.5
938,131,4.351385855456709,4.5
938,132,4.30051470845088,4.5
938,133,4.0107552263041955,
938,134,4.0240735962495435,4.0
938,135,4.128088454467793,4.5
938,136,3.859833472198782,
938,137,4.141564009368626,4.0
938,138,4.31753998549616,5.0
938,139,3.77525380309295,4.5
938,140,4.37928268332782,5.0
938,141,3.0019483160803877,
938,142,4.195769143061236,
938,143,2.491168427998848,
938,144,4.164396576446126,
938,145,4.2602317576857445,4.5
938,146,3.8322943462765964,4.0
938,147,4.171909527084594,4.5
938,148,4.198805006573694,
938,149,4.059106218668373,4.0
938,150,4.395343919077181,4.0
938,151,4.528196903764116,5.0
938,152,4.2528427610862325,4.5
938,153,4.062939951557521,4.0
938,154,4.1254173297523495,3.5
938,155,4.456012404900012,4.5
938,156,3.7036072387742465,
938,157,4.36246332866349,
938,158,4.068780517173936,4.0
938,159,4.195470557315381,4.0
938,160,4.422967132717746,5.0
938,161,3.8243652202905203,4.5
938,162,4.1097609156641735,4.5
938,163,3.5303829622742544,3.5
938,164,4.307575588282294,
938,165,4.3881587794543835,4.5
938,166,4.161324856426361,4.0
938,167,4.142989535427972,
938,168,4.401471823676899,
938,169,3.901288914630886,
938,170,3.8343050896867865,
938,171,3.6193587749297493,3.5
938,172,3.82600882063447,4.5
938,173,3.355940573917514,2.5
938,174,4.0749984011167495,4.0
938,175,4.2538136569319125,
938,176,4.148836119817935,
938,177,3.037288985247635,3.0
938,178,4.33523701935636,4.5
938,179,4.367667389473335,4.0
938,180,4.172994627114277,
938,181,2.980619463974934,4.0
938,182,4.129262858701745,4.5
938,183,3.5213119035834595,3.5
938,184,4.37342630503638,4.5
938,185,3.146036732874608,1.0
938,186,3.8450681209235458,
938,187,4.533195979608041,5.0
938,188,4.076378387913087,
938,189,3.4496421540512583,3.0
938,190,4.163915927391129,3.5
938,191,4.514745447564835,4.5
938,192,4.022522419831445,4.0
938,193,4.103665347478671,4.5
938,194,4.265146629403844,4.0
938,195,3.855866158263487,4.5
938,196,4.630722367432688,4.0
938,197,4.002057148310564,4.5
938,198,4.082460627471574,5.0
938,199,3.9593460182532687,
820,0,5.0,
820,1,4.184011395520625,5.0
820,2,4.9406183118402724,4.5
820,3,4.697493509697195,
820,4,4.483093264427913,
820,5,4.912195780894052,5.0
820,6,4.503402695708592,
820,7,4.8024273223953715,5.0
820,8,4.662823799701344,4.5
820,9,5.0,
820,10,4.814184257579066,5.0
820,11,4.812005855922739,5.0
820,12,4.559827188570889,
820,13,3.5814408253486856,4.0
820,14,4.856013477486179,4.5
820,15,4.519000776403847,
820,16,4.186329455746923,4.0
820,17,4.913583392774415,5.0
820,18,4.6888252313062315,5.0
820,19,4.585545698861308,4.5
820,20,4.569235408590582,
820,21,5.0,
820,22,4.977823937967354,5.0
820,23,4.710627782025805,4.5
820,24,4.0699113829118945,4.0
820,25,4.375230394505418,5.0
820,26,4.310116137068761,5.0
820,27,4.831847476498314,5.0
820,28,5.0,
820,29,4.60318767435056,
820,30,4.7094570467960875,4.0
820,31,4.410106434886034,5.0
820,32,3.5972423266988747,4.0
820,33,4.74111928737178,5.0
820,34,4.043904164066821,
820,35,4.569052634378128,
820,36,4.127987092832342,4.0
820,37,4.544827571850909,4.5
820,38,3.7419296987792285,3.5
820,39,3.949411111924365,4.0
820,40,4.795642853276483,5.0
820,41,3.6612005029975885,4.0
820,42,3.9010968204597374,
820,43,4.659952702833801,4.0
820,44,4.946379105395877,
820,45,4.153133454393448,4.5
820,46,3.010702117091154,
820,47,4.569497223668348,
820,48,4.705602114250533,
820,49,3.391667370563565,3.0
820,50,4.6326812179800045,
820,51,4.299718652128775,5.0
820,52,3.734750261580688,4.5
820,53,4.899350886025071,5.0
820,54,4.18715481251707,4.0
820,55,3.4308337395587203,3.0
820,56,4.747716992956769,5.0
820,57,3.903168371484795,4.0
820,58,4.585272364362833,
820,59,4.787879879302361,
820,60,4.845074153287192,
820,61,5.0,
820,62,4.7962011401521565,
820,63,4.989009614559297,5.0
820,64,3.4723901915923165,4.0
820,65,3.956126506615186,
820,66,3.6235386336459325,4.0
820,67,4.622948991328648,4.5
820,68,3.990263295433936,4.0
820,69,3.9352471083429506,
820,70,3.7942795081485983,3.5
820,71,4.420717316595664,
820,72,4.523075894442006,4.0
820,73,2.7868437456616797,3.5
820,74,4.477244473345966,3.5
820,75,3.9430396204699663,
820,76,4.846711302050312,4.5
820,77,4.084527058512023,4.0
820,78,5.0,
820,79,4.6224645172773915,
820,80,4.773693128390699,
820,81,3.754034801850416,4.0
820,82,4.8310310216105465,5.0
820,83,5.0,5.0
820,84,3.595734172748023,3.0
820,85,4.3052582443591625,5.0
820,86,3.322176523185114,3.0
820,87,4.663263871809408,
820,88,3.8652734872313914,
820,89,4.142892432200934,3.5
820,90,4.6393630718629915,5.0
820,91,4.5473348386925565,5.0
820,92,3.3953393449935287,
820,93,4.681347054667952,5.0
820,94,3.535148232186261,3.0
820,95,2.96553782924081,3.0
820,96,4.541738547034063,4.5
820,97,4.251144730670937,4.5
820,98,4.538294433485583,4.5
820,99,4.811709631282851,4.5
820,100,4.706351990635638,5.0
820,101,5.0,5.0
820,102,5.0,5.0
820,103,4.269439250573772,
820,104,4.558238543215927,4.5
820,105,4.184999715686569,4.5
820,106,4.303619866557619,4.5
820,107,4.574515308767513,4.0
820,108,4.513078038775829,5.0
820,109,4.132475242290281,
820,110,4.051056193982966,5.0
820,111,4.514095920169687,
820,112,4.797992679784395,4.5
820,113,4.722575097395999,5.0
820,114,4.86260517855036,3.5
820,115,4.083796047110869,3.5
820,116,4.458785579904438,5.0
820,117,4.29768779900574,5.0
820,118,3.921641071855924,
820,119,4.927419460465001,
820,120,3.700641448603953,
820,121,4.852361843968284,5.0
820,122,4.653881393397288,
820,123,5.0,5.0
820,124,4.112076235062386,5.0
820,125,3.4970668636432665,
820,126,4.775111894812683,
820,127,3.275076335388299,
820,128,4.152936088101081,4.0
820,129,3.9166452350445566,4.0
820,130,4.4651405030102085,4.5
820,131,4.665197998750561,
820,132,4.471427025098301,4.5
820,133,4.417393507295858,
820,134,4.508402765811956,5.0
820,135,4.323777536009627,
820,136,4.553351321783429,
820,137,4.5217672233958845,5.0
820,138,4.540548706244975,
820,139,4.244470630989527,4.0
820,140,4.372334089840016,
820,141,3.2761733842063747,1.0
820,142,4.391620024070702,4.0
820,143,2.9758840255220207,3.0
820,144,4.679769940393702,
820,145,4.601938801597666,4.0
820,146,4.238909313124111,4.0
820,147,4.315571110512577,
820,148,4.503736754791852,4.5
820,149,4.568785872238333,5.0
820,150,4.548975935164191,
820,151,4.864268799875201,5.0
820,152,4.094206647200135,
820,153,4.555362190121418,
820,154,4.286315064363422,
820,155,4.617223997998003,4.5
820,156,3.6729815482072343,
820,157,4.360457152914962,4.0
820,158,4.310517817319932,
820,159,4.26949185713472,4.5
820,160,4.717279940647442,5.0
820,161,4.075656832865267,
820,162,4.249432185804891,
820,163,3.7271939752948526,4.0
820,164,4.57443399122119,5.0
820,165,4.853106810615704,
820,166,4.345848006188611,4.0
820,167,4.293414667379502,5.0
820,168,4.688723440961354,
820,169,3.8123201907438933,4.5
820,170,3.838274859282931,4.0
820,171,3.954141651858432,
820,172,4.185696079433068,4.0
820,173,3.954224430235964,4.5
820,174,4.518695204106651,
820,175,4.705512032329574,
820,176,4.3760249063978565,
820,177,3.4128187046398644,4.0
820,178,4.591033816243801,
820,179,4.472028484228755,4.0
820,180,4.301189526891726,5.0
820,181,3.6404434359944435,3.0
820,182,4.502025284179398,
820,183,3.767819089622278,4.5
820,184,4.734362705781602,5.0
820,185,3.171142560871702,3.0
820,186,4.192811012940431,4.0
820,187,4.572648969966968,
820,188,4.4754382644951205,
820,189,3.728514588765753,3.0
820,190,4.520777665864726,5.0
820,191,4.982940720543879,5.0
820,192,4.53881726366373,
820,193,4.38598928076258,
820,194,4.267843548409075,3.0
820,195,4.6237216886401145,4.0
820,196,5.0,
820,197,4.640537794673769,5.0
820,198,4.326708038011857,5.0
820,199,4.082641205297541,
761,0,3.5479213315919758,4.0
761,1,3.3829564365740845,3.0
761,2,4.214294935626609,3.0
761,3,4.046791586958054,
761,4,3.4180838269532505,
761,5,4.186720377706616,4.0
761,6,3.262729352294996,4.0
761,7,3.8604669601960135,4.0
761,8,3.871389591686379,4.0
761,9,4.08143912164134,
761,10,3.699062241562477,4.0
761,11,3.6077628894780633,4.0
761,12,3.3387159304620178,3.0
761,13,2.765013577069354,2.0
761,14,4.075625989775893,4.0
761,15,3.9707588098292,3.0
761,16,3.2106330806046146,4.0
761,17,4.283436543705143,5.0
761,18,3.8801113200883512,4.5
761,19,3.6812973248353926,3.0
761,20,3.197048180262809,
761,21,4.425402510305404,5.0
761,22,3.4244555662107374,3.0
761,23,3.6144262528711546,4.0
761,24,3.2513051802419555,3.0
761,25,3.116431010764135,
761,26,3.013086798414047,4.0
761,27,3.909785821418585,4.0
761,28,3.92059118134884,3.0
761,29,3.815008160627782,4.0
761,30,3.5619573134246276,4.0
761,31,3.250923152752679,
761,32,2.48074819055444,2.0
761,33,4.197065950801801,5.0
761,34,2.83194030567529,3.0
761,35,3.5783995567547886,
761,36,3.4050941619488695,3.0
761,37,3.0096290556165934,
761,38,2.6069130664810967,2.0
761,39,2.75106715950915,4.0
761,40,4.132935446017405,4.0
761,41,3.039834684489257,4.0
761,42,2.653740461304564,3.0
761,43,4.0336650394219715,4.0
761,44,4.042574769039429,
761,45,3.209852041205262,3.0
761,46,2.196666977063507,2.0
761,47,3.427608880427591,
761,48,3.99737876011578,5.0
761,49,2.45544467381406,2.0
761,50,2.9531842582206376,3.0
761,51,2.891446441454135,
761,52,2.6702989794141985,
761,53,3.724601722501113,4.0
761,54,3.14692487651137,4.0
761,55,2.679933744769648,3.0
761,56,4.075484195075266,4.0
761,57,2.8135956014868473,
761,58,3.966193761559505,
761,59,3.986042815709592,
761,60,3.4392388819816837,5.0
761,61,3.912370386106563,
761,62,4.161479060215136,4.0
761,63,3.4928503426934623,
761,64,2.33995265394888,2.0
761,65,2.9117711317907453,2.0
761,66,2.5906820301557545,3.0
761,67,3.9927098398145495,4.0
761,68,2.90353547592259,3.0
761,69,2.7113154658590037,3.0
761,70,2.705216666330072,3.0
761,71,3.5765131864907653,
761,72,3.39209788074131,
761,73,2.318470569641941,3.0
761,74,3.1440185552848394,4.0
761,75,3.3455066629328862,4.0
761,76,3.485057330174583,3.0
761,77,3.0028120068404323,
761,78,3.5962289146425293,
761,79,4.11737452704617,3.0
761,80,3.2474856254323803,
761,81,3.2768467502107894,3.0
761,82,3.2978199517261846,4.0
761,83,3.562671483546979,3.0
761,84,2.705305742603731,
761,85,3.1216125146326132,
761,86,2.6045285304051276,3.0
761,87,3.958097336766085,4.0
761,88,2.8593482281670926,2.0
761,89,3.644375504752285,4.0
761,90,3.1564229110916253,
761,91,3.7041132867026665,
761,92,2.3603897602956176,
761,93,3.3321471777569744,3.0
761,94,2.7913196355411407,
761,95,2.379985743815744,
761,96,3.240171364143766,
761,97,3.0597416077855475,2.0
761,98,3.2855872035070526,3.0
761,99,3.0812846727829584,
761,100,3.4138523557906417,4.0
761,101,3.635569246463371,4.0
761,102,3.712308044218993,4.0
761,103,3.2309191683905967,
761,104,3.476990681554617,
761,105,3.4537929621559056,
761,106,3.089775259830258,
761,107,3.7231590435514343,3.0
761,108,3.3030512923835667,3.0
761,109,3.1343626768606256,3.0
761,110,2.7526888148910635,
761,111,3.5091436122334065,
761,112,3.454355568321791,3.0
761,113,3.618038902796029,
761,114,3.1584538721293374,3.0
761,115,3.3685574750509635,3.0
761,116,3.790158410696386,
761,117,3.8364525088677155,5.0
761,118,2.6803516819444484,
761,119,3.8208485818737157,2.0
761,120,2.7486402435832673,
761,121,3.4010328313292524,
761,122,3.517187024101035,3.0
761,123,3.5981000422613185,3.0
761,124,3.005159784310462,3.0
761,125,2.6656927384359803,4.0
761,126,3.861197678729272,5.0
761,127,2.2518333645601487,3.0
761,128,3.1457315102008128,4.0
761,129,2.9980307605263694,3.0
761,130,3.3660166069454207,
761,131,3.2441521667707187,
761,132,3.4395837073097706,
761,133,3.354742211810086,3.0
761,134,3.4486586002322923,5.0
761,135,3.1546519232319548,
761,136,3.180669855279728,
761,137,3.637085439345249,2.0
761,138,3.375648105168371,4.0
761,139,3.402474744145979,4.0
761,140,3.5364927603915803,
761,141,2.503059908575209,
761,142,3.4871156719151415,
761,143,1.9623529472803927,2.0
761,144,3.4371699721303135,3.0
761,145,3.548730692231729,
761,146,3.465621020496582,4.0
761,147,3.4378461633699176,3.5
761,148,3.169047277223428,
761,149,3.3500522978907945,3.0
761,150,3.4701065536358255,4.0
761,151,3.5234335709141367,2.5
761,152,3.2847238880847422,4.0
761,153,3.3134796795647157,3.0
761,154,3.1946643704278204,3.0
761,155,3.9500186220127915,5.0
761,156,2.5777711580412586,2.5
761,157,3.9163888374741793,3.0
761,158,3.6360188185263698,4.0
761,159,3.4293120431932116,4.0
761,160,3.7871039900389376,4.0
761,161,2.873893002587195,
761,162,3.7942585557047535,5.0
761,163,2.9680453594065432,3.0
761,164,3.7584028602739847,5.0
761,165,3.459808293523617,
761,166,3.2099260937974208,2.0
761,167,3.1342369037578797,
761,168,3.5899746860378645,
761,169,3.265719916133489,
761,170,2.8958245773813864,
761,171,3.244774775080789,
761,172,2.912866678124284,
761,173,2.6736566564130158,
761,174,2.8902489887164804,3.0
761,175,3.7340968920447817,3.0
761,176,3.2605067016018956,
761,177,2.3369887527113486,
761,178,3.535165699054757,
761,179,3.9672537536029657,
761,180,3.2562263615494085,3.0
761,181,2.986867832111375,
761,182,3.2705351793903468,4.0
761,183,3.065282118914442,2.0
761,184,3.364624623225882,4.0
761,185,2.5898421591036795,3.0
761,186,2.776574372970563,4.0
761,187,3.773307236933352,
761,188,3.4238861515775563,3.0
761,189,2.8786871170099984,1.0
761,190,3.293915452396836,3.0
761,191,3.404014356976542,4.0
761,192,3.185305528758995,
761,193,3.5980779034559554,4.0
761,194,3.4182409038334827,5.0
761,195,3.1864168071686123,3.0
761,196,3.9141122511725333,4.0
761,197,3.128489552147127,
761,198,3.432940328107264,4.0
761,199,3.156407379397682,
797,0,4.389469374045549,4.0
797,1,3.337886432655043,2.0
797,2,4.092465606865595,
797,3,4.464662831050469,
797,4,2.559275732861411,5.0
797,5,4.0938234052114515,4.0
797,6,2.8694021753267913,
797,7,3.4609597919963364,4.0
797,8,3.896795299520839,5.0
797,9,4.354746858703148,
797,10,3.5211182407096873,3.0
797,11,3.0734463292552343,3.0
797,12,3.372106256248164,
797,13,2.316120096699,1.0
797,14,4.453137933432978,5.0
797,15,3.784542778088066,4.0
797,16,3.63701306851013,2.0
797,17,4.278906896586754,
797,18,4.227986039700477,4.0
797,19,4.2285956563111045,5.0
797,20,2.9236985023817548,4.0
797,21,4.215484085448818,5.0
797,22,4.544379940553252,5.0
797,23,4.190722539541824,3.0
797,24,2.2538835927914436,1.0
797,25,3.021627840872347,3.0
797,26,2.6257372220744117,3.0
797,27,3.3844992164855725,3.0
797,28,4.712800945233616,5.0
797,29,4.47691718455056,
797,30,3.7135066498540006,4.0
797,31,3.0517978648252795,2.0
797,32,3.1021153647266466,
797,33,4.59081161193436,5.0
797,34,1.968994422032151,
797,35,3.730838315697553,5.0
797,36,2.8055684513112102,4.0
797,37,3.260166711204314,3.0
797,38,2.255005319458632,1.0
797,39,2.5295108741270544,4.0
797,40,4.43907310349369,5.0
797,41,2.2047836494927573,
797,42,2.071374235332666,2.0
797,43,3.619367108493391,5.0
797,44,4.41632981521716,
797,45,3.5292443993729807,
797,46,1.7084367642723413,2.0
797,47,3.3499373042121534,4.0
797,48,3.9561924127583064,3.0
797,49,1.8888781101636252,
797,50,3.5224793023191943,
797,51,2.7656355855323285,3.0
797,52,3.1382621420896575,4.0
797,53,3.8544968154207973,5.0
797,54,3.411651646294872,3.0
797,55,2.830139250055955,
797,56,4.6069361387531895,5.0
797,57,2.0437114283306954,
797,58,3.4646214359754017,3.0
797,59,4.776525624582806,5.0
797,60,4.8024353861339,5.0
797,61,4.744214089855398,4.0
797,62,3.4599385738612796,3.0
797,63,4.474712863889701,5.0
797,64,2.0650481101899976,1.0
797,65,2.108190785200174,
797,66,2.1472378936141467,
797,67,3.372829703338127,
797,68,2.889957181278999,
797,69,2.682673734549761,3.0
797,70,1.961878548932565,1.0
797,71,3.8356257038757,
797,72,3.6095349531969765,3.0
797,73,1.6244608390971589,2.0
797,74,3.6135877677147086,
797,75,3.4318228834326763,3.0
797,76,4.113441937611754,
797,77,3.3348805939538995,
797,78,4.737301400512095,
797,79,3.9579238217288175,
797,80,4.6103218683014715,5.0
797,81,3.5539258085293377,5.0
797,82,4.598051853400373,5.0
797,83,4.564101795310766,3.0
797,84,2.1699099793672225,
797,85,3.5915983843478085,5.0
797,86,2.1010006274614588,
797,87,3.8548828085828126,5.0
797,88,2.4401977524540874,2.0
797,89,4.2357673533602735,5.0
797,90,4.5237567420858715,4.0
797,91,4.551690589019255,5.0
797,92,1.7360938078412265,
797,93,4.522811703114887,4.0
797,94,3.0278728327746416,4.0
797,95,1.7054528957707769,
797,96,2.9621394069368456,2.0
797,97,3.8090235208443386,
797,98,3.796521206344207,
797,99,4.608630859986148,3.0
797,100,3.928768988070402,4.0
797,101,4.611093473526603,
797,102,4.753078852295804,
797,103,4.139148731434521,3.0
797,104,3.753249915121673,
797,105,3.8744450492804017,5.0
797,106,4.316701646369292,
797,107,3.6925858859880965,3.0
797,108,3.459203188588793,2.0
797,109,2.6542387140674606,
797,110,3.6940161588061864,4.0
797,111,4.301790766157201,
797,112,3.4236221061577634,
797,113,3.968356510138661,5.0
797,114,4.35936420585128,5.0
797,115,3.9293495642715763,5.0
797,116,3.5954657537871513,
797,117,3.742728512545847,
797,118,3.0193079392923514,
797,119,4.682256195993215,5.0
797,120,2.4853293651325155,3.0
797,121,4.48727152294171,5.0
797,122,3.3475650610400085,3.0
797,123,4.488400241411271,5.0
797,124,3.139777846914009,4.0
797,125,2.270603721063388,2.0
797,126,4.272637720398911,
797,127,1.8559452527129472,2.0
797,128,3.9062841745821117,5.0
797,129,2.968626024045506,
797,130,2.7437040275772793,2.0
797,131,4.30546338615286,
797,132,3.7662320886362517,3.0
797,133,3.8113153080797186,4.0
797,134,3.3184819665869787,3.0
797,135,3.4293922918245245,4.0
797,136,3.966412671238202,5.0
797,137,4.187325091279238,5.0
797,138,3.05000707147224,
797,139,2.8015966140660096,4.0
797,140,3.2449554258783144,
797,141,2.1268976098623265,
797,142,2.678414891504616,
797,143,2.5118071074507133,
797,144,4.150625947916268,4.0
797,145,3.797993886500051,5.0
797,146,2.764184810464273,3.0
797,147,4.336961096734253,3.0
797,148,3.684200337775418,4.0
797,149,4.417617388752308,
797,150,4.269103296837934,5.0
797,151,4.463408946874833,5.0
797,152,2.9041000818240135,
797,153,4.231908490285795,3.0
797,154,3.2082828976714937,
797,155,4.538516300058644,
797,156,2.036985161012588,2.0
797,157,4.230224344829702,4.0
797,158,3.7136948715730527,5.0
797,159,3.817118664710204,5.0
797,160,3.9117739782698884,4.0
797,161,2.6038602453860316,
797,162,3.5941767416747403,
797,163,2.4289121675893344,2.0
797,164,3.899875321544443,5.0
797,165,4.411833360705753,5.0
797,166,3.008357616338227,
797,167,3.1133993778914335,4.0
797,168,4.209399560225049,
797,169,2.5216555664780147,2.0
797,170,2.6057765949269287,1.0
797,171,2.889396556382908,3.0
797,172,2.7846199092578825,3.0
797,173,3.2075591377410406,
797,174,3.2941004427134195,4.0
797,175,4.023289718056101,5.0
797,176,3.0998915440099903,
797,177,1.9734317990464365,2.0
797,178,4.592520836263317,5.0
797,179,4.338721558647443,5.0
797,180,4.232921377332256,
797,181,2.697282640437738,4.0
797,182,3.8421358374339802,5.0
797,183,2.805179993139486,3.0
797,184,4.201092329990847,5.0
797,185,1.8369640693643223,
797,186,2.907984851807799,
797,187,2.9813605635017173,2.0
797,188,3.4380806368018533,4.0
797,189,3.6427617675653265,4.0
797,190,4.26620089505218,5.0
797,191,4.5985413134198225,5.0
797,192,3.426013067312236,3.0
797,193,3.032097149293883,2.0
797,194,4.241482592926682,
797,195,2.8818388426218817,3.0
797,196,4.47029262943281,
797,197,3.6302635288933036,
797,198,4.264269981695168,
797,199,3.319740316211153,3.0
