User,Movie,Predicted Rating,Actual Rating
765,0,5.0,5.0
765,1,4.394074732145144,5.0
765,2,4.545756801969364,5.0
765,3,4.692097333656993,5.0
765,4,3.4066467488103482,2.5
765,5,3.985382728182796,
765,6,3.7577162808932383,
765,7,3.870708809965319,3.0
765,8,4.40467445742682,5.0
765,9,4.567215757342352,4.5
765,10,4.187112053011366,4.0
765,11,4.13628382482707,4.5
765,12,4.134831457877004,
765,13,2.5989006996806925,2.5
765,14,4.8471014104207555,4.0
765,15,3.3983795969561386,3.0
765,16,3.6451414511054194,3.0
765,17,4.014243046680124,3.0
765,18,4.84671984475559,5.0
765,19,4.503324885499666,5.0
765,20,3.870804331968022,4.0
765,21,4.332790480767349,3.0
765,22,5.0,5.0
765,23,4.803656096681241,5.0
765,24,3.1378928954829144,
765,25,3.3710255162716316,
765,26,3.546799019332437,4.0
765,27,4.037003410264547,
765,28,4.573462209946409,
765,29,4.440073143006111,5.0
765,30,4.569697078307868,5.0
765,31,3.4017273024707566,4.0
765,32,3.390368408569469,
765,33,3.300420959997315,2.0
765,34,3.058762570612521,4.0
765,35,4.1288481555285035,4.0
765,36,3.444503902131265,4.0
765,37,3.412175275647818,
765,38,3.152741454352921,4.0
765,39,2.8095287849138355,3.0
765,40,3.339177330918592,2.0
765,41,3.447047577975466,3.0
765,42,2.813737188117953,3.5
765,43,3.684236059164649,3.0
765,44,4.671302506752729,
765,45,4.109172070677022,5.0
765,46,2.4852201953742075,
765,47,4.044477847532365,
765,48,4.179545686721594,
765,49,2.6335771688392358,
765,50,3.572074183940941,3.5
765,51,2.8509157686855415,3.0
765,52,2.8430824601593785,3.5
765,53,4.3047025404561525,
765,54,3.8901020076910906,2.0
765,55,2.9217207325407855,
765,56,3.2867868513733343,2.0
765,57,3.026567362259753,4.0
765,58,3.960023393440193,
765,59,4.4406330573516835,4.0
765,60,4.734404099756417,
765,61,4.754493124533476,4.5
765,62,4.108508087661727,
765,63,4.789071825733844,5.0
765,64,2.4585164308089213,
765,65,3.2727239237732815,
765,66,2.951463071720962,3.5
765,67,3.655915709276904,
765,68,3.228571373113188,4.0
765,69,3.2644556238895652,4.0
765,70,3.1580650958500263,3.5
765,71,3.4828342229309497,
765,72,4.280218485888671,4.5
765,73,2.332680224655838,2.5
765,74,3.6625906225266327,4.0
765,75,3.4989003253338202,
765,76,4.814783134985406,
765,77,3.216359404021768,
765,78,4.424043192803698,
765,79,4.149209497597795,4.0
765,80,4.8352643628926675,4.5
765,81,3.445299664586221,
765,82,4.3726749431129255,4.0
765,83,4.667235972414572,
765,84,3.2567422626340283,
765,85,3.655326431132923,4.0
765,86,3.0907355359735478,2.5
765,87,4.568496599573303,3.0
765,88,3.440632444545214,4.0
765,89,4.080957202061686,4.0
765,90,4.705389008169517,
765,91,3.7753556157268733,
765,92,2.846086399162181,
765,93,4.446443034722028,4.0
765,94,2.9937667372200476,
765,95,2.5357559176287667,2.5
765,96,4.271314121842561,5.0
765,97,3.8099921426094387,5.0
765,98,3.6861076667953245,
765,99,4.883242560166415,5.0
765,100,3.9249981660608855,3.0
765,101,4.24627850226051,3.0
765,102,4.712562049148216,5.0
765,103,4.001823733014921,4.0
765,104,3.9965112493215815,
765,105,3.6481972666220375,4.0
765,106,4.029790063732848,
765,107,4.346057356241955,5.0
765,108,4.104533045145027,5.0
765,109,3.687272407999659,
765,110,4.033196938161391,
765,111,4.678505132218876,
765,112,4.532377951000474,5.0
765,113,4.260402714894635,
765,114,4.758808246670276,4.0
765,115,3.222459149989321,3.0
765,116,3.8971064095642554,
765,117,4.379106946366899,5.0
765,118,2.718974220492119,3.0
765,119,4.836957830547896,
765,120,2.761934013805787,
765,121,4.392248285936055,
765,122,4.214958105427172,4.0
765,123,4.666052615569809,5.0
765,124,3.434036081228709,3.0
765,125,2.866059082451552,
765,126,4.5040144915367,
765,127,2.501848865375085,3.0
765,128,3.387397460250104,
765,129,3.5358201386976056,
765,130,4.1969131638486905,5.0
765,131,4.45794999745179,3.0
765,132,4.007950473239964,5.0
765,133,3.2141073041990413,2.0
765,134,3.9770936362404887,
765,135,4.545963793220101,5.0
765,136,4.247517603462295,4.0
765,137,4.193216422444935,
765,138,3.8602519765989265,
765,139,3.195038875453398,
765,140,3.8555289427295727,
765,141,2.3269959851818696,2.5
765,142,4.008280856397713,5.0
765,143,2.2262845503190114,
765,144,4.2208900642922496,4.0
765,145,4.233890073598301,
765,146,3.1327026668290383,
765,147,4.549984185588133,
765,148,4.139667082656402,
765,149,3.963865599529935,3.5
765,150,4.331706604382278,
765,151,4.551140807454039,
765,152,3.6306521819474327,3.0
765,153,3.982756548827445,
765,154,3.915327413034941,4.0
765,155,4.042729418765148,
765,156,2.542711230945362,3.0
765,157,4.168226725232304,
765,158,3.943628876432742,4.5
765,159,3.698051999050913,
765,160,4.229428297025678,
765,161,3.400154583632238,2.5
765,162,4.158308384519323,
765,163,2.721676876492518,3.0
765,164,4.05518533700894,
765,165,4.59006306887955,
765,166,3.7720904945500973,3.0
765,167,4.090804181088167,5.0
765,168,4.614332424740926,
765,169,3.0090383188987486,
765,170,2.964480035184029,
765,171,3.2371259925598563,
765,172,3.475984945875446,3.5
765,173,3.1629827851718715,
765,174,3.7289135433447376,5.0
765,175,3.976480013998437,
765,176,3.78961480853791,
765,177,2.4231975244815214,
765,178,4.406265122033846,
765,179,3.985740378978699,
765,180,3.3793400972555245,2.5
765,181,2.6936745989565525,
765,182,4.1425194790426385,
765,183,2.68064763623099,3.5
765,184,3.9431311675931617,
765,185,2.7330742859408677,
765,186,2.9478295794077845,2.5
765,187,4.380751108529081,4.5
765,188,3.942031873023357,5.0
765,189,2.6414121742203114,
765,190,4.212589248436425,4.0
765,191,4.698026171708881,
765,192,3.8793087239937707,
765,193,3.6395914414609276,3.5
765,194,4.211273056145559,
765,195,3.6413971576538837,
765,196,4.480170950859408,
765,197,3.779797171345338,4.0
765,198,3.8951532595695286,
765,199,3.2009772705637785,2.5
535,0,4.141281268473913,3.5
535,1,4.436896191752821,4.5
535,2,4.907849010840188,5.0
535,3,3.908868341323091,
535,4,3.8494522037724006,
535,5,4.316326914537665,
535,6,4.217030803745248,
535,7,3.9112307116911005,
535,8,4.754691387490271,5.0
535,9,4.458665438653015,4.0
535,10,4.047310099149928,4.0
535,11,4.1190813460076106,4.0
535,12,4.175570849245225,4.0
535,13,3.8120157471817917,3.5
535,14,4.706940636317247,4.0
535,15,3.945682880436197,
535,16,3.8852382828003376,3.5
535,17,4.264998730429658,
535,18,4.146365320483717,
535,19,4.213903500549149,4.5
535,20,3.8030265250256763,
535,21,4.364086048526234,4.0
535,22,3.9731973449644995,
535,23,4.179369673161469,4.0
535,24,3.716896108776279,4.0
535,25,3.744851661274396,
535,26,3.8641248605126832,4.5
535,27,4.342848215530728,
535,28,3.905268557120981,3.5
535,29,4.616274540054115,4.5
535,30,4.254295627113784,
535,31,4.053231824178269,4.0
535,32,2.856405638795092,
535,33,4.516834811539013,
535,34,3.449352612394579,3.5
535,35,4.200607869627793,4.0
535,36,3.93079372791691,
535,37,3.5478003499590653,
535,38,3.20648067944989,3.5
535,39,2.9389611178317714,3.5
535,40,4.434285090054074,
535,41,4.126417175741629,
535,42,3.6640199188718565,
535,43,4.04902365011553,4.5
535,44,3.475464869552113,2.5
535,45,4.045920692582875,
535,46,2.917675932249535,
535,47,4.481534493400439,5.0
535,48,4.38505979407715,
535,49,3.2969193551051283,3.5
535,50,3.8361712573025266,
535,51,3.90795764815427,4.0
535,52,2.2749191119635848,3.0
535,53,4.135486697786656,4.0
535,54,4.163720425909053,
535,55,3.838426738783873,
535,56,4.346712453298399,
535,57,3.8734637126316125,4.0
535,58,4.1753083669737245,3.5
535,59,4.052180410758668,4.0
535,60,4.2481979852934515,
535,61,4.298263981213035,4.0
535,62,4.3448238437153615,4.0
535,63,4.000066980108305,3.5
535,64,3.4487613167910562,
535,65,3.8086343841663752,
535,66,3.671037786882922,4.0
535,67,3.9569158916222125,4.0
535,68,3.4131501401343267,3.5
535,69,4.060598642740232,4.5
535,70,3.266090597293216,3.5
535,71,4.028026315134077,3.5
535,72,4.04646649855698,
535,73,2.7778262639821643,
535,74,3.5692873692480918,3.5
535,75,4.001126912776133,4.0
535,76,3.9119674445074724,4.0
535,77,3.490143912498129,3.5
535,78,3.5475854515338234,
535,79,3.550551949750576,3.5
535,80,3.738415322435851,
535,81,3.788047377089466,
535,82,4.128538546022599,4.0
535,83,4.067789905876608,3.5
535,84,3.390795981768407,
535,85,3.837273957542515,
535,86,3.1859289140479308,3.5
535,87,4.144851859803816,4.0
535,88,3.3442107339183162,
535,89,4.3108001349072484,4.0
535,90,3.8994643427921876,
535,91,3.608599816481764,3.5
535,92,2.892874675688221,
535,93,3.3513942236526737,
535,94,3.2509880405968326,
535,95,3.266689829081985,4.0
535,96,4.233175552531998,4.0
535,97,3.7799518945867088,4.0
535,98,3.9592854729646825,4.0
535,99,3.4014218974774035,3.5
535,100,4.016762266876191,
535,101,4.049189023597685,3.5
535,102,4.2526076893466955,4.0
535,103,3.4724881682044977,
535,104,3.7533336708912586,4.0
535,105,3.7323689568483576,4.0
535,106,3.151315707292359,3.5
535,107,4.208512878044873,4.0
535,108,3.738709057004822,
535,109,3.8295611912891117,
535,110,3.4808963421584833,
535,111,3.620821087370458,
535,112,4.187420550464475,4.0
535,113,4.143613143573746,
535,114,3.8375130151099874,
535,115,4.0150066153019734,
535,116,4.060323501561281,3.5
535,117,3.475093962093725,3.0
535,118,2.994377926509264,3.0
535,119,3.2594423793885796,3.5
535,120,3.157833800381134,3.5
535,121,4.2774657770031075,
535,122,4.008216035466652,
535,123,4.028935846214376,3.0
535,124,3.752236403503621,
535,125,3.4284351719666426,3.5
535,126,3.812460242030274,4.0
535,127,3.27676796875692,
535,128,3.119720539262666,
535,129,3.3415645544544845,
535,130,4.321673887363203,4.0
535,131,3.6252051528013305,3.5
535,132,4.14993770319448,4.5
535,133,4.073084095836965,
535,134,3.4827896205913156,
535,135,3.9513471136682417,4.0
535,136,3.5681359541766287,
535,137,3.8878758018516124,4.0
535,138,4.277443894007378,
535,139,3.831867931931879,
535,140,3.816724841700051,4.0
535,141,3.4213429337256556,3.5
535,142,4.149296934987591,
535,143,2.298314929086155,
535,144,3.34411135070036,3.5
535,145,4.0198008209375935,3.5
535,146,3.639536035550706,4.0
535,147,3.466095991855659,3.5
535,148,3.89934516985759,
535,149,3.5539194717915996,3.5
535,150,3.6300538558114117,3.5
535,151,3.9085455607260817,
535,152,4.053640803095948,4.0
535,153,3.703490843591781,
535,154,3.8822975086855975,
535,155,4.542511317384637,4.0
535,156,3.6184576780125433,3.5
535,157,3.7785031614853395,3.5
535,158,4.150170792053913,4.0
535,159,3.738652003391473,
535,160,4.384622595919051,4.0
535,161,3.8838704301078715,4.0
535,162,3.6291393005151065,4.0
535,163,3.486974916590835,4.0
535,164,3.955704914242532,4.0
535,165,4.279165297649204,4.0
535,166,3.9769921666001857,4.0
535,167,3.904619395659039,4.0
535,168,3.6855683568433544,
535,169,3.635867320798339,3.5
535,170,3.6371924099196358,
535,171,3.579359408764426,
535,172,2.8752646667268658,3.5
535,173,2.789542867765471,
535,174,3.6962902124549295,3.5
535,175,3.64860466509555,4.5
535,176,3.6695401618071455,4.0
535,177,2.79774744095469,
535,178,4.028039868268007,3.5
535,179,4.267124139191343,
535,180,3.9067919818374275,
535,181,3.168504848005864,
535,182,3.6633730829978286,
535,183,3.4971410976406303,
535,184,3.984284464701304,3.0
535,185,3.0916440161099987,3.5
535,186,3.2350512697614255,
535,187,4.213747151670712,4.0
535,188,3.9745046310023153,4.5
535,189,3.106061081213165,
535,190,3.6643458592243316,
535,191,3.630539146125746,
535,192,3.878568412560952,
535,193,3.890038468786452,
535,194,3.9330945870071896,
535,195,4.050124672046164,
535,196,4.089726892124075,4.0
535,197,3.4052872334925905,3.5
535,198,3.2061867649215405,
535,199,3.749803929302336,
540,0,2.9929685529253165,2.0
540,1,4.389019728780764,3.0
540,2,4.819390153839335,4.5
540,3,4.209436769297936,4.0
540,4,4.063664053371673,3.0
540,5,4.445772999280933,
540,6,4.353769265520194,4.0
540,7,3.8160044667674127,3.0
540,8,3.8721157825883625,3.0
540,9,4.781191720785035,5.0
540,10,4.127729003629366,
540,11,4.067562579178851,
540,12,4.370920335165549,5.0
540,13,3.6106531078947537,
540,14,4.332875375586531,4.5
540,15,3.786294662648463,4.0
540,16,3.6470870984960144,
540,17,4.183346207294745,4.0
540,18,3.7795739902352303,3.0
540,19,3.199251629583342,3.0
540,20,4.354895112367223,5.0
540,21,4.50657871229407,5.0
540,22,3.4634840103021207,3.0
540,23,3.940300751372373,
540,24,3.866552241825775,
540,25,3.616514258684249,
540,26,3.5591179198977154,
540,27,4.328340722137154,5.0
540,28,4.516526466715545,4.0
540,29,3.4684666278927536,
540,30,4.743946878227167,4.0
540,31,3.951143788400121,
540,32,2.7786113026508446,
540,33,4.015312079738409,
540,34,3.4594805557551824,4.0
540,35,4.5515159591803105,5.0
540,36,3.7976586963606302,3.0
540,37,3.9901065077939823,
540,38,3.823857352722418,4.0
540,39,3.1378454322657308,4.0
540,40,4.080119262512828,3.0
540,41,3.346246452077331,
540,42,3.959957623089475,4.0
540,43,4.0245794685073015,4.0
540,44,3.4449636451946226,2.0
540,45,4.270656330935835,
540,46,3.054082480323465,
540,47,4.319424879299315,4.5
540,48,3.724508488671835,
540,49,3.3380995309080914,
540,50,3.806369284586257,3.0
540,51,4.178401533638269,3.0
540,52,2.73302681024774,
540,53,3.8850017161816193,3.0
540,54,4.046072494304058,
540,55,3.780484564528133,
540,56,4.256836324588206,
540,57,3.696739937297563,5.0
540,58,4.2782772038714905,5.0
540,59,4.054669843354348,5.0
540,60,3.7281851753701747,
540,61,3.6956126409941867,3.0
540,62,3.648455732076121,
540,63,4.532989039814945,5.0
540,64,3.3652669382463953,
540,65,3.8226640816749855,
540,66,4.0804447146096345,4.0
540,67,3.7645987192279673,4.0
540,68,3.592855638466769,3.0
540,69,4.0080921225271675,4.0
540,70,3.6795611381640088,
540,71,3.6172906945510466,
540,72,4.46391332604477,
540,73,2.625809405846524,
540,74,3.8897490987245784,
540,75,3.2994638980815525,
540,76,2.6299217021772074,2.5
540,77,2.7147754409154645,2.0
540,78,4.4317044416374,
540,79,3.460764484178219,3.0
540,80,3.045205200423064,3.0
540,81,3.5593366320228714,
540,82,3.5941197013091464,4.0
540,83,4.0022899140969015,
540,84,3.552826296516607,
540,85,3.5209630820326407,3.0
540,86,3.8341586460895893,5.0
540,87,3.95973953427076,4.0
540,88,3.807066476553355,
540,89,3.43850731241043,4.0
540,90,3.608601241576071,
540,91,3.5125382487734114,
540,92,3.037684979597974,2.5
540,93,2.9922575740452793,2.5
540,94,2.885233845260095,
540,95,3.0569321921641706,3.0
540,96,4.350391247435017,5.0
540,97,3.0985193832815154,4.0
540,98,4.392428549749621,5.0
540,99,3.5780858011399808,
540,100,3.775295389272071,
540,101,4.007955818131681,4.0
540,102,3.4647219792648283,4.0
540,103,2.9561976025515078,
540,104,3.5427106846085006,
540,105,3.7368235784794916,3.0
540,106,2.6228347163367935,
540,107,3.641329902863496,
540,108,3.898441743918319,3.0
540,109,3.9658817451215724,4.0
540,110,2.5288983897147927,
540,111,2.539470085244175,
540,112,4.307843279664938,
540,113,4.220843940039058,
540,114,3.457054457835596,3.5
540,115,3.2789459304090576,3.0
540,116,3.635705861495914,
540,117,4.150679286723079,3.5
540,118,2.876631246899235,3.0
540,119,3.910608980489234,
540,120,3.7841689812454464,5.0
540,121,3.399830369507579,3.0
540,122,4.013605724490107,
540,123,3.761707199685692,
540,124,4.263010094190806,4.0
540,125,3.4040220296389694,
540,126,3.886159230731411,3.0
540,127,3.6153206472623305,
540,128,3.090068289959794,
540,129,3.6799158688270266,4.0
540,130,4.055422135862968,
540,131,3.5535590131985364,4.0
540,132,4.5286376411707705,5.0
540,133,2.303859225899515,3.0
540,134,3.6164772116465373,
540,135,4.1568348856699675,5.0
540,136,3.173831087591676,
540,137,3.1547285064001644,
540,138,4.239339271329954,
540,139,3.6186275371182033,3.5
540,140,4.016717198158422,5.0
540,141,3.64863070071953,
540,142,4.129083520948211,5.0
540,143,2.451910130032111,
540,144,3.8453298377761587,
540,145,4.063288477690551,4.0
540,146,3.793030135927734,
540,147,3.1381627264154246,3.0
540,148,3.8667697024484817,
540,149,4.054671313427901,3.0
540,150,3.3422476853645104,
540,151,4.464598319470908,5.0
540,152,4.437964352930835,4.5
540,153,3.1454133032658262,
540,154,3.4918098143525618,
540,155,3.693672319332376,2.5
540,156,4.068534773478487,5.0
540,157,3.4701434630179326,
540,158,3.6136204858611443,3.0
540,159,3.400007896882522,4.0
540,160,4.238476836017986,
540,161,3.789878905896654,
540,162,3.1317651439437753,2.0
540,163,3.3423228154819795,3.0
540,164,3.1185699905020483,2.0
540,165,3.8747575999783623,
540,166,4.381901256124236,5.0
540,167,4.175489088338876,
540,168,2.7390031843262532,4.0
540,169,3.535297176323843,4.0
540,170,3.988788271880437,5.0
540,171,3.6479277900980107,
540,172,3.9290007361003836,3.5
540,173,2.4305619700665417,
540,174,3.985068486027936,5.0
540,175,3.846909683037636,4.0
540,176,3.780680478587886,
540,177,3.160834274895432,
540,178,3.5358696298868173,
540,179,4.116745050100349,4.0
540,180,3.273190275865451,
540,181,2.444432717508465,
540,182,3.265886094197002,
540,183,3.549784044634596,
540,184,4.077204338634769,4.0
540,185,2.968124286424646,
540,186,4.238193807838834,
540,187,4.423862127247787,4.0
540,188,3.8387591056092156,
540,189,3.10184974341058,
540,190,3.7605121227829423,4.0
540,191,3.946141740137506,4.0
540,192,3.828571959137843,3.0
540,193,4.096168331120006,4.0
540,194,3.0669938732374504,3.0
540,195,3.7349150955776844,
540,196,4.787161753325999,
540,197,3.263086133016233,
540,198,3.1674079424618657,
540,199,4.028389558161601,3.0
216,0,4.637357800949513,
216,1,3.378015426518505,3.0
216,2,4.198264411360264,
216,3,4.617554899225771,4.5
216,4,3.954755132230359,4.5
216,5,4.5030528306970705,4.0
216,6,3.7445271679228394,3.0
216,7,3.98741481458285,4.0
216,8,4.0590833588600645,4.5
216,9,4.5023214771442674,5.0
216,10,4.217120243569849,4.0
216,11,4.114608807062456,
216,12,3.952218645688513,4.5
216,13,3.0480392192576105,4.0
216,14,4.417641106714681,4.0
216,15,3.9780451646771997,4.0
216,16,3.793352145283943,4.0
216,17,4.533015089631155,5.0
216,18,4.064811145401399,3.5
216,19,3.9651109031049785,4.0
216,20,3.8369862043545133,3.5
216,21,4.6633263512332945,4.0
216,22,4.65392979577103,4.0
216,23,4.016044669202361,
216,24,3.4431004185172505,4.0
216,25,3.9366151840450305,4.0
216,26,3.6160747085681075,4.0
216,27,4.237632607832089,4.5
216,28,4.927196274245864,5.0
216,29,4.148586020792205,4.0
216,30,3.9815324119812967,5.0
216,31,4.053479802732624,4.5
216,32,2.774818863367357,
216,33,4.461387515630877,5.0
216,34,3.3417393951763357,3.5
216,35,4.086267674986323,3.0
216,36,3.451856397384149,4.5
216,37,4.297298355378235,5.0
216,38,2.8543805126861486,
216,39,2.7794026994486676,1.0
216,40,4.542200464906179,5.0
216,41,3.1757459613288033,
216,42,3.3426068409681493,
216,43,4.2207802557956455,4.0
216,44,4.553337644710574,4.5
216,45,3.625809308024362,3.0
216,46,2.4100830880657815,3.0
216,47,4.036487892299347,4.0
216,48,4.525167320461598,4.5
216,49,2.463263677522495,2.0
216,50,4.106594485540224,
216,51,3.6736052652741167,
216,52,3.2710888347343783,
216,53,4.085608586726963,3.0
216,54,3.8294475598655646,4.5
216,55,2.6721658218742026,3.5
216,56,4.609796132763303,5.0
216,57,3.189233915418005,4.0
216,58,3.938206788927224,4.0
216,59,4.400218502989072,4.0
216,60,4.368263346268709,3.0
216,61,4.513340495897582,5.0
216,62,4.180665356122647,3.0
216,63,4.425564287973384,3.5
216,64,2.596489346475912,4.0
216,65,3.166338012181126,3.0
216,66,3.177202049959102,3.0
216,67,4.249608409154416,4.5
216,68,3.410215227454171,
216,69,3.3631393806845242,4.5
216,70,2.9932552408780144,2.0
216,71,3.8767305587084313,3.5
216,72,3.9569725309437715,3.5
216,73,2.528386005086678,
216,74,3.8717478648402577,3.0
216,75,3.3571625752089846,
216,76,4.351978168558921,4.0
216,77,3.435620322970192,
216,78,4.808385696992274,5.0
216,79,4.265944423209093,3.5
216,80,4.144538210743204,3.5
216,81,3.542792157504465,4.5
216,82,4.464517473226518,
216,83,4.525417993265223,3.5
216,84,3.1746651478578647,4.0
216,85,3.8035137622306086,3.5
216,86,3.1090449339502015,
216,87,3.9155021629346622,
216,88,3.42945061119058,4.0
216,89,3.8952768040146286,3.5
216,90,4.459860946366376,4.0
216,91,4.537571309548886,
216,92,2.928529534066943,
216,93,4.418835106594006,3.5
216,94,2.935992969664826,3.0
216,95,2.5942323629781834,3.0
216,96,3.7607583759674537,4.0
216,97,3.40493420042057,3.0
216,98,4.142970622673389,4.0
216,99,4.454893019704392,4.0
216,100,3.9485891694958264,
216,101,4.766928113968516,5.0
216,102,4.31739094410604,5.0
216,103,3.557775757075995,
216,104,3.786604845690656,3.0
216,105,3.8341375964389477,4.0
216,106,3.626742577044253,3.5
216,107,4.115481228126661,
216,108,3.9394583339904283,
216,109,3.492232210700239,3.5
216,110,3.30194005588597,
216,111,4.285622846736775,4.0
216,112,4.319724540133427,4.0
216,113,4.482371863251105,4.5
216,114,4.503614436699786,4.0
216,115,3.764005967762316,4.5
216,116,4.028252541161697,
216,117,3.943404551529501,4.0
216,118,3.2686357045447085,
216,119,4.706259987663101,4.5
216,120,3.1781668782925703,3.5
216,121,4.489274391358312,3.5
216,122,4.292463802891917,4.0
216,123,4.350321389902682,
216,124,3.6933684143933814,
216,125,3.1330938551243195,
216,126,4.523020866777191,
216,127,2.9933553032739355,
216,128,3.8814882610183075,
216,129,3.2789321770590285,
216,130,3.902106113224407,
216,131,4.167330412851435,4.0
216,132,4.004956648030494,5.0
216,133,4.078669032398253,4.0
216,134,3.9714103600872686,4.0
216,135,3.5777979653474197,
216,136,3.97332830690432,3.5
216,137,3.9009737310666486,4.5
216,138,3.6350681213991947,4.0
216,139,3.33177854704685,2.0
216,140,3.714211400344679,3.5
216,141,1.7360174905012742,1.5
216,142,3.568538818200204,4.0
216,143,1.7916742107942008,
216,144,3.8256410487457932,
216,145,4.126416831419692,4.0
216,146,3.405717829143377,
216,147,3.8577153326362357,3.5
216,148,4.216440225630562,
216,149,4.148054626202365,4.0
216,150,4.0891580872828985,3.0
216,151,4.399142856475758,4.5
216,152,3.7982727106372858,4.5
216,153,4.061292844222564,
216,154,3.757511891561723,
216,155,4.350528687639307,
216,156,3.417118826700534,
216,157,3.900213418412978,4.0
216,158,3.792592803705399,3.5
216,159,3.7799232712047632,
216,160,4.364227457041317,4.0
216,161,3.4776917046976052,3.5
216,162,3.9910600521162554,
216,163,2.937486339861816,3.0
216,164,4.2404029841386235,
216,165,4.565698854004679,4.5
216,166,3.838725313725194,4.0
216,167,3.648065384304128,3.0
216,168,4.123472796597149,
216,169,2.9988469764324384,2.0
216,170,2.8629143460006947,2.5
216,171,3.6466971420925667,5.0
216,172,3.6722354676058346,4.5
216,173,3.731859264442868,
216,174,3.6675267560175957,3.5
216,175,4.275885269252157,4.0
216,176,3.916479759990752,3.5
216,177,2.9278521722578406,
216,178,4.212247914738722,4.5
216,179,4.181265862412555,3.5
216,180,4.283160436141467,4.5
216,181,3.1910556045870564,
216,182,3.9035757638073383,4.5
216,183,3.3843533881017915,4.5
216,184,4.16936997061248,
216,185,2.606186702662426,
216,186,3.531119865288999,
216,187,4.1079227076674565,5.0
216,188,3.5906119484699026,4.0
216,189,2.685888663516198,2.0
216,190,4.064381986521897,
216,191,4.740288377075878,4.5
216,192,4.124485918968714,3.0
216,193,3.8093745553042067,
216,194,3.6338396003237676,
216,195,3.81662156511861,
216,196,4.616855944038553,4.0
216,197,3.763988102458325,
216,198,3.7613578656571938,
216,199,3.668361288825031,4.5
113,0,4.739834883088555,4.0
113,1,3.384174961338451,3.5
113,2,4.374465747679982,4.5
113,3,4.419349279787359,
113,4,3.5640420700721784,
113,5,4.095080487979081,2.0
113,6,3.4344221397790924,3.5
113,7,4.24056550963011,4.0
113,8,4.525663707366043,
113,9,4.26885399656642,4.5
113,10,4.1538877079269225,4.0
113,11,3.829000016628547,4.0
113,12,3.7997139372791677,4.0
113,13,2.476729809215896,3.0
113,14,4.378301633769982,
113,15,3.582923441108339,
113,16,3.6462731081130153,3.5
113,17,4.3879939546335045,
113,18,4.290615967509807,4.0
113,19,4.444639221125179,
113,20,3.3882143697828826,
113,21,4.274797051533975,4.0
113,22,4.488033508614302,4.0
113,23,4.480088647243217,4.0
113,24,3.073765312132721,
113,25,3.6087370234804963,
113,26,3.3796047700813308,4.0
113,27,3.6566894975794515,3.0
113,28,5.0,5.0
113,29,4.599305349459228,4.0
113,30,3.931210532873595,4.0
113,31,3.722657228669333,
113,32,2.936776180577975,
113,33,4.393539835456563,4.0
113,34,3.3211737014600873,4.0
113,35,4.119356184751975,
113,36,3.360626721346824,4.0
113,37,3.367431447184189,
113,38,2.8357976384832155,
113,39,2.9926599527594524,
113,40,4.265927898721108,
113,41,3.188619219705239,
113,42,2.7880165158793133,3.0
113,43,4.3871623809475295,
113,44,4.66216137749543,4.0
113,45,3.7833796987777935,4.0
113,46,2.379184524096903,3.0
113,47,3.9338175728923477,3.5
113,48,4.0198691912186675,
113,49,2.5379223541358984,3.5
113,50,3.723574250681678,3.5
113,51,3.2566659650585086,3.5
113,52,3.1502071377462704,
113,53,4.453897797155866,4.0
113,54,3.9006624660191473,4.0
113,55,2.9399446481775633,3.5
113,56,4.246424783147765,4.5
113,57,3.429823951762792,
113,58,3.588960039722607,3.0
113,59,4.917795609934659,5.0
113,60,4.863875903077886,5.0
113,61,4.4652386886929865,
113,62,4.142354667086523,4.0
113,63,4.749486799691924,4.5
113,64,2.771035648319754,
113,65,3.4224939715618317,
113,66,2.7636554712413703,
113,67,4.030295765634345,4.0
113,68,3.254316252680427,3.5
113,69,2.99888032524502,3.5
113,70,2.469415395275453,
113,71,3.7829310207513367,3.0
113,72,3.7847572461154684,3.5
113,73,2.477784167402394,
113,74,3.392804248936633,3.5
113,75,3.576847556639593,
113,76,4.446557711662702,
113,77,3.625702909067749,4.0
113,78,4.852228606260802,
113,79,4.689306212925409,5.0
113,80,4.519946386046555,4.0
113,81,3.5421032000372246,3.5
113,82,4.334485152787369,
113,83,4.796553919297993,5.0
113,84,2.8140070730404707,3.5
113,85,3.453699532732986,4.0
113,86,3.1813419295675014,3.5
113,87,4.287584202199222,3.5
113,88,3.2205893233047833,
113,89,3.622489871634282,3.0
113,90,4.879576232959405,3.5
113,91,4.083004015043695,4.0
113,92,2.4903486143569724,3.5
113,93,4.929689071792556,4.5
113,94,3.207869644447701,
113,95,2.512316711203937,3.0
113,96,3.675398600379666,3.5
113,97,3.9219102413694458,
113,98,3.4771973260959537,3.5
113,99,4.769289784439848,4.0
113,100,4.087493655757658,4.0
113,101,4.737305444070963,4.0
113,102,4.229881427275216,
113,103,3.925714269345404,4.0
113,104,3.960222795234664,4.0
113,105,3.817524259754841,4.0
113,106,3.6175025134181014,
113,107,4.112305275622,3.5
113,108,3.6103559716991662,
113,109,3.554243326809735,4.0
113,110,3.7541795080869407,4.0
113,111,4.410534618892931,4.0
113,112,4.138049952430649,4.0
113,113,3.7494659189270063,
113,114,4.6151660041270155,4.0
113,115,3.486774024316594,3.5
113,116,3.7845443434122203,3.5
113,117,3.788694971088435,3.0
113,118,3.2713977320661534,
113,119,4.979963721812248,5.0
113,120,2.628712154609217,3.5
113,121,5.0,5.0
113,122,4.070301774944941,3.5
113,123,4.617891317044705,5.0
113,124,3.4179542535185887,3.5
113,125,2.6740052099376523,3.0
113,126,4.310904424818151,
113,127,2.9034997380316327,3.5
113,128,3.4258068102400205,3.5
113,129,3.3439253135802467,3.5
113,130,3.6608954129113402,4.0
113,131,4.5202874622436715,4.0
113,132,3.5284942733778393,4.0
113,133,4.211821730248287,3.5
113,134,3.581392635616089,3.0
113,135,3.5751224186120805,4.0
113,136,3.5398280135745717,2.0
113,137,4.1783205342590355,3.5
113,138,3.4468381072495333,3.5
113,139,3.016966412485933,2.5
113,140,3.4716910153261407,3.5
113,141,2.5542710665468142,
113,142,3.5965905530372355,4.0
113,143,2.3484604409039185,
113,144,4.182444192011438,4.0
113,145,3.8707134413450115,3.5
113,146,3.3966385774587646,3.5
113,147,4.761686117924018,5.0
113,148,3.6590750065588136,5.0
113,149,3.890987960265855,
113,150,4.495842853667375,4.0
113,151,4.393213866287209,4.0
113,152,3.6417062765395682,3.5
113,153,3.814553526365759,
113,154,3.653910803585725,
113,155,4.570015745156203,5.0
113,156,2.7367156185249795,
113,157,4.053025947115518,4.0
113,158,4.024884544797738,5.0
113,159,3.8590337147619542,3.5
113,160,4.243060093125413,4.0
113,161,3.491913302052005,
113,162,3.837165435698184,3.5
113,163,2.7845528299326996,
113,164,4.054763938820937,4.0
113,165,4.726220921295843,4.0
113,166,3.451157910453131,3.5
113,167,3.4175992981374392,
113,168,4.214663857166887,3.5
113,169,2.8700112430422844,
113,170,2.913984261142364,
113,171,3.39817392152284,4.0
113,172,3.21477785734083,3.5
113,173,2.9303014897133797,
113,174,3.180164068381957,3.0
113,175,3.9702617730162637,3.5
113,176,3.5782488681594584,4.0
113,177,2.667949545644287,
113,178,4.114429960162258,4.0
113,179,4.212340954036009,5.0
113,180,4.207757667529006,3.5
113,181,2.636593169252995,3.5
113,182,3.9195321108487486,
113,183,3.5583472528795634,3.5
113,184,3.9746082443507795,3.5
113,185,2.5105753850154473,
113,186,3.396514792186311,4.0
113,187,3.283338504165425,3.0
113,188,3.8981029009369275,4.0
113,189,3.2530959199189953,
113,190,3.9770212122425477,
113,191,5.0,3.5
113,192,3.5184239304672653,3.0
113,193,3.5839203807030033,
113,194,3.8452011978385547,
113,195,3.869295147844861,4.0
113,196,4.787259647363392,4.0
113,197,4.506451353275922,
113,198,3.865184974357725,
113,199,3.148182079863987,3.5
890,0,3.893507522949254,
890,1,3.783130723485064,
890,2,4.223799433914839,3.5
890,3,3.981342803377787,4.0
890,4,3.4324905845661045,
890,5,3.932506448248213,
890,6,3.5747624023860403,3.5
890,7,3.7039167909837847,
890,8,3.9798761051164053,3.5
890,9,3.667287974848851,4.0
890,10,3.56087665537965,
890,11,3.3425655225073463,
890,12,3.4694615737870644,3.5
890,13,2.9083491888612234,
890,14,4.134206386470474,
890,15,3.9572350559965566,
890,16,3.2695777138118665,
890,17,3.91621785835257,
890,18,4.096139673669091,4.0
890,19,3.8382926318796624,4.0
890,20,3.342057249544664,
890,21,3.818353586619336,3.0
890,22,3.8319568648694813,4.0
890,23,4.157807487826369,
890,24,3.156929870583741,
890,25,2.8631973226447536,
890,26,3.0994079444007196,
890,27,3.58566675514097,4.0
890,28,4.086507140897764,
890,29,3.980099884054348,2.5
890,30,3.829429751310627,4.5
890,31,3.0887244538682204,2.5
890,32,2.480818092900466,
890,33,3.7238362741255613,
890,34,2.9556645384398306,
890,35,3.797398310298793,3.5
890,36,3.189075228338836,
890,37,2.728345725869506,
890,38,2.652080207675563,
890,39,2.822087093916595,
890,40,3.708226340448836,
890,41,3.1896397568848913,
890,42,2.7110451425252897,
890,43,3.759360235647134,
890,44,3.581327457121105,
890,45,3.5526350082754905,
890,46,2.4539668139277917,
890,47,3.2193764617929284,3.0
890,48,3.6030042125751733,3.0
890,49,2.631755887412263,
890,50,1.8471737352194426,1.0
890,51,3.1000124005731857,
890,52,2.3090660297611945,
890,53,3.7762207875340077,
890,54,3.5318085408024698,3.0
890,55,2.6162272721256423,
890,56,3.652849965431945,
890,57,3.142720147050338,
890,58,3.713745344162212,
890,59,4.134433725753103,4.0
890,60,3.6318266014735983,4.0
890,61,3.8339466962363216,3.0
890,62,3.6754869059491924,3.5
890,63,3.9617193051304054,2.5
890,64,2.107619895454618,2.5
890,65,3.1109542305411453,
890,66,3.275313138429745,
890,67,3.5980475865800248,
890,68,3.0879747037909637,
890,69,3.177360187452899,
890,70,2.434575016234337,
890,71,3.291487129087464,2.5
890,72,3.527280901249401,3.0
890,73,2.2158408330797217,
890,74,2.8941486558553082,2.0
890,75,3.1757855725459034,
890,76,4.182963583230986,3.5
890,77,3.259676236282012,4.0
890,78,3.6939591294148433,
890,79,3.9567045415739894,3.5
890,80,3.8857316682183933,4.0
890,81,3.0894792125332358,3.0
890,82,3.7389145324977715,3.5
890,83,3.89938388177083,3.5
890,84,2.525717077616478,
890,85,1.6346267559351138,1.5
890,86,2.680386634337751,
890,87,4.061483529891232,3.5
890,88,2.928637021902197,
890,89,3.1017814221525764,2.5
890,90,4.115930617324847,
890,91,3.4807092534338824,3.0
890,92,2.531868735198233,
890,93,3.955466565924603,3.0
890,94,2.832381396968431,
890,95,2.282135964405418,
890,96,3.5732829315202217,
890,97,3.2504151116680275,
890,98,2.9958734673428054,
890,99,3.925868479175954,3.5
890,100,3.763840905275455,4.0
890,101,3.7594539032048457,2.5
890,102,3.8719285796998384,
890,103,2.983493036026024,
890,104,3.7361933736149737,
890,105,3.4252946583040336,
890,106,3.0490781357133954,2.0
890,107,3.3796101404419243,
890,108,3.5806096357384347,4.0
890,109,3.063577865917105,
890,110,3.3401556753548944,4.0
890,111,3.845026730156256,
890,112,3.3618131607520514,3.0
890,113,3.499316633461152,
890,114,3.9310311590447604,4.0
890,115,3.118413972736482,
890,116,3.2482567614961892,4.0
890,117,3.942564444566516,4.0
890,118,2.8368894723978633,
890,119,3.789633833651863,4.0
890,120,2.5922002334338776,
890,121,3.9218000808318125,
890,122,3.4540772624176896,
890,123,3.8357601224269566,3.5
890,124,3.0436890610729197,
890,125,2.6413491323419445,
890,126,3.186908692873348,
890,127,2.3292768548088087,
890,128,2.9231015642882685,
890,129,2.6407539331091785,
890,130,3.573242685567556,4.0
890,131,4.079333692470751,
890,132,3.1752932768914626,3.5
890,133,3.41371641790717,3.5
890,134,3.2110506657245126,
890,135,3.4850337275180077,
890,136,3.0332124148344044,2.0
890,137,3.469591363712647,4.0
890,138,3.4885964923417934,
890,139,3.3712108673470857,
890,140,3.3771414738677095,
890,141,2.3839025517366164,
890,142,3.399099982338508,3.0
890,143,2.071341841550833,
890,144,3.0085031052605586,2.5
890,145,3.49530280638628,4.0
890,146,3.1165572497625362,
890,147,3.97273085285866,3.5
890,148,2.885296709382947,
890,149,3.2169128367568276,
890,150,3.63128892447739,
890,151,3.445763407469309,
890,152,3.3374030007673894,2.0
890,153,3.314587273133324,
890,154,2.8177957595601164,4.0
890,155,3.8113787864858986,3.5
890,156,3.036893568568139,
890,157,3.788678080103161,4.0
890,158,3.4025105595133227,3.5
890,159,3.2994144216406553,3.5
890,160,3.328385096489249,
890,161,3.2198432302409747,
890,162,3.548346464327711,4.0
890,163,3.1079000665523147,
890,164,3.2390673725953967,3.0
890,165,3.917483817003954,4.5
890,166,3.2024126941318443,
890,167,3.591925238639039,
890,168,3.429621719261903,
890,169,3.097184743372274,
890,170,3.1528042729462333,
890,171,3.3284151352076843,
890,172,3.2235808743027095,
890,173,2.266030949954456,2.0
890,174,3.280177627316419,
890,175,3.0265454199080115,
890,176,3.31088739687206,
890,177,2.447450683677272,
890,178,3.890733642708654,4.0
890,179,3.710175094687668,3.0
890,180,3.89818056210133,4.0
890,181,2.167734970383492,
890,182,3.441139302128851,3.5
890,183,2.7643635144213072,
890,184,3.428682556852246,
890,185,2.5466246747411376,
890,186,3.1871035667899665,
890,187,3.7101689063748404,3.5
890,188,3.446624119824159,3.5
890,189,2.271085250574282,
890,190,2.954798689113632,2.5
890,191,3.7434317405233672,
890,192,3.118197200982913,
890,193,3.313734927536512,
890,194,3.5556889934891753,3.0
890,195,3.2261531224634954,4.5
890,196,3.9397083623114963,4.0
890,197,3.7163300704075075,4.0
890,198,1.3411181120833444,0.5
890,199,3.0429951291116613,
412,0,3.2261562904138437,3.5
412,1,4.065835541337521,4.5
412,2,4.41391447596597,5.0
412,3,4.000937105270532,4.5
412,4,3.86708987180277,4.5
412,5,4.245845263191719,5.0
412,6,3.9921516200159552,5.0
412,7,3.5571453971450016,4.0
412,8,3.9148785848164835,5.0
412,9,4.036867112889852,4.0
412,10,3.4460566531481933,4.0
412,11,3.778235924974548,
412,12,3.8443684149546984,5.0
412,13,3.4535563379800087,3.5
412,14,3.875712790622842,
412,15,3.8528336951327673,4.0
412,16,3.249561435287386,3.5
412,17,4.2341395542741145,5.0
412,18,3.556550023939655,4.0
412,19,3.2330745381980113,3.5
412,20,3.3813416107738887,
412,21,4.3481565913006595,5.0
412,22,3.6855362713546067,4.5
412,23,3.8263267040288422,2.5
412,24,3.2102626433172867,4.0
412,25,2.912082607365496,2.5
412,26,2.9520163823627414,2.5
412,27,3.896308682269428,5.0
412,28,3.7382026712126626,3.5
412,29,3.3318362429134103,2.5
412,30,3.890834643945822,4.0
412,31,3.5410754348587212,
412,32,2.340321423594374,2.5
412,33,4.0341338188045155,4.0
412,34,3.139697784522505,3.0
412,35,4.123591679726275,4.5
412,36,3.141296359315296,
412,37,3.127744162362888,2.5
412,38,3.137024589563185,3.5
412,39,2.0888086882222945,2.5
412,40,4.028984017402352,
412,41,2.9956676910415974,
412,42,3.0158840765209245,3.0
412,43,3.554052404745335,3.5
412,44,3.3751720925345245,
412,45,3.726966402037962,4.0
412,46,2.232712742569591,3.0
412,47,3.6979721384227053,4.0
412,48,3.5197250506794644,
412,49,3.2299074015845597,
412,50,2.970995482009313,
412,51,3.1719246036419158,
412,52,2.352313288047564,3.0
412,53,3.804086869754392,
412,54,3.432017994112958,3.5
412,55,3.3082444421996677,
412,56,4.139637941822471,3.5
412,57,3.1427637322131456,3.5
412,58,4.0139934206879095,4.0
412,59,3.5995534465127816,3.5
412,60,3.5301411536505922,
412,61,3.628395058539075,2.5
412,62,3.8832021696046986,5.0
412,63,3.6232285016595345,
412,64,3.0827741106549813,4.0
412,65,3.1911683064049874,
412,66,3.2034702835941427,4.0
412,67,3.505020459853755,3.5
412,68,3.38575272372352,
412,69,2.9786292010326765,4.0
412,70,3.0485627061276777,3.0
412,71,3.0536960861685998,
412,72,3.488261559713539,4.0
412,73,2.6615330445315744,2.5
412,74,2.7301264517657233,2.5
412,75,3.426358288901692,2.0
412,76,3.118309528724793,
412,77,2.671267174826423,2.0
412,78,3.6225984882345994,
412,79,3.3701991414637402,2.5
412,80,2.478438234500489,1.5
412,81,3.255300183393461,3.5
412,82,3.4629270509612047,4.5
412,83,3.2771270955521503,4.0
412,84,3.210118923808762,
412,85,2.6644962527075013,2.0
412,86,3.0595272843109975,
412,87,3.6209180859074976,4.0
412,88,3.3509349417112864,3.5
412,89,3.432636080185936,
412,90,2.7645617389568975,3.0
412,91,3.316632770372163,3.0
412,92,2.6355986922291885,
412,93,2.7773217728634214,1.0
412,94,2.1390370230996685,1.5
412,95,2.3964871722159904,3.0
412,96,3.619935219172948,3.5
412,97,2.6729151687968855,1.5
412,98,2.7957163223328667,1.0
412,99,3.373229050069196,
412,100,3.2434363003576534,3.5
412,101,3.607709275926994,
412,102,3.463492008815842,
412,103,2.667708571861033,4.0
412,104,3.412652156013229,2.0
412,105,3.477874160716582,4.5
412,106,2.641881327866148,2.5
412,107,3.5265978227603387,4.5
412,108,3.3502809307091717,3.5
412,109,3.3746617139252733,3.5
412,110,2.002081366094166,0.5
412,111,2.485871647515867,
412,112,3.412179267311029,4.0
412,113,3.5109767728155337,3.5
412,114,3.1503900363530017,4.0
412,115,3.3373967800754154,
412,116,3.3388456192783877,
412,117,3.3017645043709103,0.5
412,118,2.584357938248333,3.5
412,119,3.468678826349869,
412,120,2.848722810928894,2.5
412,121,3.450725849629846,4.5
412,122,3.2491964612673434,3.0
412,123,3.216931468621867,3.0
412,124,3.091245457965409,2.5
412,125,2.755328765129992,3.0
412,126,3.7027158429037166,4.0
412,127,2.522472615053923,
412,128,2.635917938546568,1.5
412,129,2.8183347842141817,
412,130,3.575435932822272,4.5
412,131,3.620793982403645,3.5
412,132,3.240650573201282,4.0
412,133,2.7801900412806244,2.5
412,134,3.130603610269026,
412,135,3.3167069529212774,2.5
412,136,2.703364312315647,3.0
412,137,2.757523128507733,1.5
412,138,3.7418980259035175,4.5
412,139,3.555636349372546,4.0
412,140,3.3572404091442816,4.5
412,141,3.0525879908639224,4.0
412,142,3.813639391444034,
412,143,1.8652386603095192,2.0
412,144,3.374066658810819,
412,145,3.5360451372624224,3.5
412,146,3.093323582652549,
412,147,2.806382441853316,2.0
412,148,3.143920749289908,3.5
412,149,3.5255404935850856,3.0
412,150,2.723100470599902,2.5
412,151,3.6503444156657143,3.0
412,152,3.5772573861442156,
412,153,2.6671638763498935,
412,154,2.8769309958291154,1.5
412,155,3.9867593115901165,3.5
412,156,3.37143029832124,4.0
412,157,3.258549786603315,
412,158,3.509613667818015,5.0
412,159,2.608003166027096,0.5
412,160,3.451319977255417,3.0
412,161,3.2948917937784508,2.5
412,162,3.146066225023879,
412,163,2.9882800437991204,3.0
412,164,3.063140409242755,2.5
412,165,3.2104504358341215,
412,166,3.373250859710342,3.5
412,167,3.386386094886137,
412,168,3.137162095472035,4.5
412,169,3.1078224698803028,
412,170,2.9974128207292514,3.5
412,171,3.163612965473014,
412,172,3.272151441603477,3.0
412,173,1.927685173316914,2.0
412,174,3.597172773521936,4.5
412,175,3.2332395706879913,2.5
412,176,3.1321929963647555,2.5
412,177,2.2277690515627198,2.5
412,178,2.861263978793648,
412,179,3.7364940883729854,3.0
412,180,2.8793604462900846,1.5
412,181,1.8662672695619824,
412,182,2.9576381831984535,2.5
412,183,2.5768156392542894,3.0
412,184,3.3275701748898316,
412,185,2.5233041161987653,2.5
412,186,3.1865425570180985,
412,187,3.384688551074845,3.0
412,188,3.3508082251647524,3.5
412,189,2.2344306309497,2.5
412,190,3.00632395169608,2.0
412,191,3.1626830963834656,3.0
412,192,3.4668270083194606,
412,193,3.432966165364287,4.5
412,194,3.0083120152038267,3.0
412,195,3.5614281121225955,
412,196,3.9444421631623094,4.0
412,197,2.9884592149357876,
412,198,2.4431508248635505,
412,199,3.2617544563850176,2.5
707,0,3.3248955213479254,3.0
707,1,4.970911615120639,
707,2,5.0,
707,3,4.862802059416183,5.0
707,4,4.806644797806284,5.0
707,5,5.0,5.0
707,6,4.634332344305222,5.0
707,7,4.60721111807742,
707,8,4.374121783211008,4.0
707,9,5.0,5.0
707,10,4.618578867638671,
707,11,4.8882842571301,4.0
707,12,5.0,5.0
707,13,4.769018527834117,4.5
707,14,4.541129948058461,3.0
707,15,4.428631743188723,4.0
707,16,4.134459643582752,
707,17,4.807272485891914,4.0
707,18,4.3553916685018885,
707,19,4.1550471014697665,4.0
707,20,4.891936059991583,5.0
707,21,5.0,5.0
707,22,4.123625567655139,3.0
707,23,4.5935006567043875,5.0
707,24,4.509973125831067,
707,25,4.185933586992803,4.0
707,26,4.42132457696436,4.0
707,27,5.0,5.0
707,28,4.905450015848332,5.0
707,29,3.622364660627049,5.0
707,30,5.0,
707,31,4.802059705284227,5.0
707,32,3.684501976768394,4.5
707,33,4.576315572352911,3.0
707,34,3.81585544357634,4.0
707,35,5.0,5.0
707,36,4.3237616407086215,
707,37,4.702585703879022,5.0
707,38,4.41587578358973,
707,39,3.916993679261025,
707,40,4.55202291308268,
707,41,4.143161544693205,
707,42,4.624487678531389,5.0
707,43,4.640682681744935,4.5
707,44,4.498644259969078,
707,45,4.762336240652312,5.0
707,46,3.5055584308903778,
707,47,5.0,5.0
707,48,4.80574095078802,4.0
707,49,4.104384798934879,4.0
707,50,4.565947984598689,
707,51,4.779046533918682,5.0
707,52,3.689229922233462,5.0
707,53,4.851661278467441,
707,54,4.863123408035478,5.0
707,55,4.119782212884511,
707,56,4.841671294313059,
707,57,4.3009974670527855,4.0
707,58,4.718978639866096,4.5
707,59,4.796932737834156,
707,60,4.355298267316851,
707,61,3.7735663398456305,3.0
707,62,4.528567960258668,
707,63,5.0,
707,64,4.056680237479882,
707,65,4.5030230950790475,
707,66,4.819219019521272,5.0
707,67,4.531475010926899,4.5
707,68,4.081326262940025,
707,69,4.812300061043606,5.0
707,70,4.63065674914948,5.0
707,71,3.8762977632936586,
707,72,4.642078317128389,4.0
707,73,3.803288062561117,
707,74,4.59611119320819,5.0
707,75,3.791632467102293,
707,76,3.5216445755791237,2.0
707,77,3.704546147784888,
707,78,4.721928551764501,4.5
707,79,4.342203325244217,
707,80,3.7598222761476094,5.0
707,81,3.9686934912350447,
707,82,4.295104003011701,
707,83,4.305431800643767,4.0
707,84,4.001568427881215,
707,85,4.470694898110429,
707,86,4.485353308687488,
707,87,4.794402148644246,
707,88,4.519485244004689,
707,89,4.541108218871104,
707,90,3.9010744135144675,4.0
707,91,3.7195363171917517,3.0
707,92,4.132769265246074,
707,93,3.4888244136659012,4.0
707,94,3.5785379383651863,4.0
707,95,3.620115243459564,
707,96,5.0,5.0
707,97,3.945884543554177,4.5
707,98,5.0,5.0
707,99,4.519972721084007,
707,100,4.302960248479273,
707,101,4.907248210702012,
707,102,4.086402951618205,3.0
707,103,3.3801827344071254,
707,104,4.298207666446652,
707,105,4.250896820855844,3.0
707,106,3.561626710470682,2.0
707,107,4.864218316496557,5.0
707,108,4.454909020860666,4.0
707,109,4.415852706143262,
707,110,2.980103372525967,3.5
707,111,3.560357823571419,
707,112,4.804128066309686,5.0
707,113,5.0,5.0
707,114,4.246210911803554,
707,115,4.533805940638902,
707,116,4.330938890664811,4.0
707,117,4.693883365427924,5.0
707,118,3.7830574876080068,5.0
707,119,4.447525277790872,
707,120,4.565851491823057,5.0
707,121,4.159456007151849,
707,122,4.699360750047915,5.0
707,123,4.368765959918954,4.0
707,124,4.529759076668009,5.0
707,125,4.2890575191700515,5.0
707,126,4.529834678682588,5.0
707,127,4.284631346763337,
707,128,3.889531801405886,4.0
707,129,4.41901243439743,4.5
707,130,4.8267239053501845,5.0
707,131,4.140489945191391,
707,132,5.0,
707,133,2.9189500218840396,3.5
707,134,4.3346585461351035,
707,135,4.716531579202495,5.0
707,136,4.057553880865232,
707,137,4.244112122047552,
707,138,4.885226297829664,4.0
707,139,4.624126203093109,
707,140,4.676344470111992,4.5
707,141,4.4573128402935485,
707,142,5.0,5.0
707,143,2.9970109835661067,4.0
707,144,4.843252406502884,5.0
707,145,4.768242308195289,4.5
707,146,4.5510811495435055,
707,147,3.653106242622548,4.5
707,148,4.779801050667489,4.0
707,149,4.302905338262513,
707,150,4.297111951035883,
707,151,5.0,
707,152,4.993783055985651,5.0
707,153,3.4233833693114755,3.0
707,154,4.316932211160268,4.0
707,155,4.419312724162825,5.0
707,156,4.5870314303321384,5.0
707,157,4.234163339656232,3.0
707,158,4.165517106517365,3.0
707,159,4.176287280210066,
707,160,4.755815722241901,
707,161,4.39749654793025,4.5
707,162,4.355676670260069,
707,163,4.053852296189526,
707,164,4.393176358593441,
707,165,4.689181345151728,
707,166,5.0,5.0
707,167,4.578735731341221,5.0
707,168,4.2400863783152944,
707,169,4.168717172802648,
707,170,4.573508726347509,5.0
707,171,4.107691702911744,
707,172,4.618320575693256,
707,173,3.2115649204615915,4.0
707,174,4.448571044140293,5.0
707,175,4.646845065813909,5.0
707,176,4.391412477501046,4.0
707,177,3.702537932148131,5.0
707,178,3.5677924193893613,
707,179,4.5870274162458236,
707,180,4.0110741740544,
707,181,3.7231900598774517,
707,182,4.109304159672716,
707,183,4.280297424655708,
707,184,4.809611941838745,5.0
707,185,3.887220349629998,
707,186,4.3502914612045505,5.0
707,187,5.0,5.0
707,188,4.521215733884123,4.5
707,189,4.1334048001216255,5.0
707,190,4.407221663310534,5.0
707,191,4.502193332038986,
707,192,4.920302879123031,5.0
707,193,4.484216151896064,
707,194,3.71582929528519,
707,195,4.200433799089677,5.0
707,196,5.0,
707,197,3.8907519270896875,
707,198,3.6532383500645866,
707,199,4.638233915874729,5.0
16,0,4.408950802724447,4.0
16,1,4.36001442547999,
16,2,5.0,5.0
16,3,5.0,5.0
16,4,4.0805785128979455,
16,5,4.653650413840312,
16,6,4.152569385513597,1.0
16,7,4.41311432281993,
16,8,4.646177683608974,
16,9,4.93907169858168,5.0
16,10,4.65164382468563,
16,11,4.400599603693507,
16,12,4.340225408204009,4.0
16,13,3.593964682981754,4.0
16,14,4.806819965049472,5.0
16,15,4.281189738875876,4.0
16,16,3.9326912452985283,
16,17,4.757229808115576,4.0
16,18,4.421108213079004,5.0
16,19,4.013481593555125,4.0
16,20,4.482646546027939,5.0
16,21,4.856700645896863,5.0
16,22,4.804442676797261,5.0
16,23,4.733699526044254,5.0
16,24,3.7731023863697333,3.0
16,25,4.174089466689826,5.0
16,26,4.070869671066666,4.0
16,27,4.540068671587931,5.0
16,28,4.967643158699302,5.0
16,29,4.013037351472858,3.0
16,30,4.636746034544446,5.0
16,31,4.484196942943178,5.0
16,32,3.098718345051789,
16,33,4.41366532787899,3.5
16,34,3.477847482859909,3.0
16,35,4.875738044320615,5.0
16,36,3.911029764251621,4.0
16,37,4.235485967366273,
16,38,4.0061157433526,5.0
16,39,3.4236279885728385,
16,40,4.584267571418558,
16,41,3.717326735738016,4.0
16,42,4.00949377149959,4.0
16,43,4.278553153896644,4.0
16,44,4.633173545776855,4.0
16,45,4.193037602376001,4.0
16,46,2.649464422612576,2.0
16,47,4.699093865584308,5.0
16,48,4.381188625715714,5.0
16,49,3.711708928012704,
16,50,4.3263759343809856,5.0
16,51,3.9889296088912016,4.0
16,52,3.451237070353944,3.0
16,53,4.710831171325351,5.0
16,54,4.665117007796969,5.0
16,55,2.9291438530517455,0.5
16,56,4.60426801080812,
16,57,3.9327013564869326,4.0
16,58,4.476529941584862,
16,59,4.519598672611525,4.0
16,60,4.15935708002018,
16,61,4.571037557768703,4.0
16,62,4.424546332105263,
16,63,4.768704082599886,5.0
16,64,3.3805383070232606,3.0
16,65,3.682361290780954,4.0
16,66,4.073616764567841,5.0
16,67,4.3652273801400625,4.0
16,68,3.856319134779391,
16,69,4.265579490280138,5.0
16,70,3.761918954872344,4.0
16,71,4.165175149941202,
16,72,4.55164630109226,
16,73,3.1149687841233398,4.0
16,74,4.454973163419228,5.0
16,75,3.5672190240315693,
16,76,4.292721638009613,3.0
16,77,3.518680198653657,4.0
16,78,4.725995073121803,
16,79,4.368796005974437,4.0
16,80,4.232221684393986,4.0
16,81,3.5281502746034796,
16,82,4.6311150659090075,
16,83,4.716250193549106,4.0
16,84,3.0400140362638766,1.5
16,85,3.773817685245606,4.0
16,86,3.1490267935907266,3.0
16,87,4.357108789021281,5.0
16,88,3.9828964941751743,4.0
16,89,3.856667696858667,3.5
16,90,3.7291450381423106,2.0
16,91,3.9679048804614316,
16,92,3.162299040071893,
16,93,4.139954435785243,3.0
16,94,3.737344341668623,5.0
16,95,2.8800266791825067,2.0
16,96,4.746336722754739,5.0
16,97,4.280613019214865,4.0
16,98,4.575155470872253,5.0
16,99,4.579343124951996,5.0
16,100,4.265315781408649,
16,101,4.664328203423446,5.0
16,102,4.493504090932568,
16,103,4.0488557524150695,4.0
16,104,4.29444542588981,4.0
16,105,4.052232284041264,4.0
16,106,4.155657717139509,4.0
16,107,4.479846627899615,5.0
16,108,4.2331457607744465,4.0
16,109,3.895892040475511,4.0
16,110,3.3973035692374625,
16,111,4.041562886990879,3.0
16,112,4.6530177929362235,5.0
16,113,4.7438434591122585,5.0
16,114,4.4650825574240764,4.0
16,115,4.232317690222598,4.0
16,116,4.435470556591482,5.0
16,117,4.398428048230188,5.0
16,118,3.769855348673712,
16,119,4.598862971211542,4.0
16,120,3.7455777320041794,
16,121,4.464530166932562,4.0
16,122,4.473729228828685,5.0
16,123,4.497984849289145,4.0
16,124,4.369104812205814,5.0
16,125,3.6757191063881947,
16,126,4.592317800726088,5.0
16,127,3.2053296971258884,3.0
16,128,3.740335095297512,3.5
16,129,3.7687277760626867,5.0
16,130,4.465502850453675,5.0
16,131,4.3343503759887385,4.0
16,132,4.49834591251313,5.0
16,133,3.600253917991093,1.5
16,134,4.101566903317142,4.0
16,135,4.529744845220998,
16,136,4.123812240538479,4.0
16,137,3.9342840525629894,5.0
16,138,4.2849166585128415,
16,139,3.812255470885022,4.0
16,140,4.155144757820655,4.0
16,141,3.405598804987494,4.0
16,142,4.338081334245151,5.0
16,143,2.3178447803062983,1.0
16,144,4.578774296006665,5.0
16,145,4.4754522750900305,5.0
16,146,3.8672842596249866,
16,147,4.148378730814539,4.0
16,148,4.3499294797375345,5.0
16,149,4.394315100527845,5.0
16,150,4.165919754540518,4.0
16,151,4.768919887053172,4.0
16,152,4.47728332139907,5.0
16,153,4.1734956356783215,5.0
16,154,4.3216698260392485,5.0
16,155,4.607984056183412,3.5
16,156,3.9611617541193835,4.0
16,157,4.044088910167583,5.0
16,158,3.900716993326853,4.0
16,159,3.7934940620663355,3.5
16,160,4.397863944648661,
16,161,4.1272345208956525,3.0
16,162,4.410585218653963,5.0
16,163,3.3005248023664704,
16,164,4.383345374550639,5.0
16,165,4.640489546063443,5.0
16,166,4.376967952420098,5.0
16,167,4.290960703563858,5.0
16,168,4.245385689197733,5.0
16,169,3.530561611578319,3.0
16,170,4.339382178609499,5.0
16,171,3.197072606665575,1.0
16,172,4.245176436051005,5.0
16,173,2.912759450156151,1.0
16,174,4.160004052591285,4.0
16,175,4.380869517249215,4.0
16,176,4.153802763035665,
16,177,3.158686898987589,3.0
16,178,3.8279280098960835,3.0
16,179,4.298158713915641,3.0
16,180,4.082683914764385,
16,181,3.2926936893671455,4.0
16,182,3.9692421465949477,4.0
16,183,3.9479485512841097,5.0
16,184,4.814005683993794,5.0
16,185,2.6014489030740044,
16,186,4.136886022691099,5.0
16,187,4.668295512326898,5.0
16,188,4.318375992870722,5.0
16,189,3.233260709544736,4.0
16,190,4.253194210964505,5.0
16,191,4.849225268953412,4.0
16,192,4.476627932332965,5.0
16,193,4.583821726957385,5.0
16,194,3.432243617651153,3.0
16,195,3.920891826897045,4.0
16,196,4.6197858892414665,5.0
16,197,4.190772674570595,4.0
16,198,3.4686270169874085,
16,199,3.867976260511492,
698,0,4.812157037484061,4.5
698,1,4.013978040196987,5.0
698,2,4.644340962686214,5.0
698,3,4.463709924673924,5.0
698,4,3.5426940096908863,4.0
698,5,4.283933060244388,3.5
698,6,4.006370676897088,5.0
698,7,4.014199771871432,5.0
698,8,4.3716787509683055,5.0
698,9,4.321925211860553,
698,10,4.1276652498375155,
698,11,3.651683416253316,
698,12,3.612770953276821,
698,13,2.6324147124182886,2.0
698,14,4.653365671760936,5.0
698,15,3.9494875751284813,
698,16,3.3997810246993465,2.5
698,17,4.632290550261526,4.5
698,18,4.356787148329255,4.0
698,19,4.251773477880557,
698,20,3.8673038087510068,4.0
698,21,4.583928619452524,4.5
698,22,4.326065977790314,3.5
698,23,4.5887083530281645,5.0
698,24,3.0313057859242276,2.0
698,25,3.4333282630136535,
698,26,3.1264941826039983,2.5
698,27,3.8238971995813573,
698,28,4.722589197015479,5.0
698,29,4.929989648521914,5.0
698,30,4.1491474025142825,4.5
698,31,3.5008040083306127,
698,32,2.9604943231930747,3.0
698,33,4.46874753876969,5.0
698,34,3.147369103815163,4.0
698,35,4.15921896715001,
698,36,3.257193951726621,3.5
698,37,3.655125766855744,
698,38,2.693786486226665,3.0
698,39,2.9097376394991668,2.0
698,40,4.195374721761505,4.0
698,41,3.341945544811501,4.0
698,42,2.7373495690647403,2.0
698,43,4.106746904939033,4.0
698,44,4.366362659685228,3.0
698,45,3.818762917342122,
698,46,2.1721436351968864,2.0
698,47,3.800259657462707,4.0
698,48,4.0299508767577885,4.0
698,49,2.6076339294026507,3.5
698,50,3.299317213702927,
698,51,3.0880663663688446,2.5
698,52,3.1773963723347185,5.0
698,53,3.9559138140466397,
698,54,3.6382570833732926,3.0
698,55,3.087786740655085,3.0
698,56,4.343261846683051,3.5
698,57,3.120621490112722,
698,58,4.027682621311256,
698,59,4.523845646825837,5.0
698,60,4.417021486397039,5.0
698,61,4.313982689571754,4.0
698,62,4.3053359062842125,
698,63,4.461678370743337,
698,64,2.6061171313950204,2.0
698,65,3.0793813299956505,
698,66,2.804868435387247,2.5
698,67,3.462642664886739,3.5
698,68,3.0973811839300263,
698,69,3.110601207617273,2.5
698,70,2.5686394881976153,1.5
698,71,3.6052244477715476,
698,72,3.8695592994532966,
698,73,2.4636469300283292,3.0
698,74,3.350061440471715,
698,75,3.7089611041052093,5.0
698,76,4.4888280570901,5.0
698,77,3.4885565987611016,4.0
698,78,4.734403348219891,5.0
698,79,4.357623322087461,4.0
698,80,4.261433719191869,4.5
698,81,3.2670082528888016,2.5
698,82,4.368930686184461,4.5
698,83,4.52231567508484,5.0
698,84,3.007504451225941,
698,85,2.992678319565884,3.0
698,86,2.9374183454173264,3.5
698,87,4.089961685271333,3.5
698,88,3.1405623181682434,3.5
698,89,3.7765328725283545,5.0
698,90,4.531293964986917,
698,91,3.7444903234218074,
698,92,2.6967437164629975,
698,93,4.54795633095717,4.0
698,94,2.9202981024602543,2.0
698,95,2.0674836181755176,1.5
698,96,3.9282562242287224,4.0
698,97,3.449993543012813,
698,98,3.5968178941194213,
698,99,4.383231364547897,3.5
698,100,3.7121355251723647,
698,101,4.253304082618425,4.0
698,102,4.342362810881401,
698,103,3.7210801981209087,3.5
698,104,4.017458534352214,
698,105,3.548085943015346,3.0
698,106,3.915487042522113,5.0
698,107,3.708764426582676,3.0
698,108,3.6501176141029092,4.0
698,109,3.1809305159861196,3.0
698,110,3.5967722969774023,3.0
698,111,4.36495725778542,3.5
698,112,4.017519335713767,
698,113,3.953047477819332,
698,114,4.36732245451956,4.5
698,115,3.4121797041038073,3.0
698,116,3.6681628725719744,
698,117,4.354069808565223,5.0
698,118,3.1700626246086827,5.0
698,119,4.444368075847027,3.0
698,120,3.0128335442114986,
698,121,4.655787110869499,5.0
698,122,3.9302820973975203,2.5
698,123,4.411177131442281,4.0
698,124,3.593537515700842,4.0
698,125,2.8203631949135084,
698,126,4.097491462599212,
698,127,2.4099084447469834,1.5
698,128,3.1633584834872446,1.5
698,129,2.855207705160285,
698,130,3.75405571269653,5.0
698,131,4.260937676476381,3.5
698,132,3.801549360012126,3.0
698,133,4.048659742169484,3.0
698,134,3.3955352996567103,4.5
698,135,3.779652852125958,5.0
698,136,3.831888255987728,4.5
698,137,3.9275624892373084,
698,138,3.5878866451006797,5.0
698,139,3.4722531263299565,3.5
698,140,3.4156826832998317,4.0
698,141,2.4220918775732327,2.0
698,142,3.9328867773724063,3.5
698,143,2.5689459165599358,4.0
698,144,3.828553135014057,
698,145,4.186511395182885,4.5
698,146,3.6954912376014883,
698,147,4.7134706557439525,5.0
698,148,3.477539283786671,
698,149,3.8202686954055554,4.0
698,150,4.0899635709887665,4.5
698,151,4.18931756807212,3.5
698,152,3.6746352600660908,3.0
698,153,3.8940964327850116,2.0
698,154,3.3548248298913146,2.5
698,155,4.260482868827431,3.0
698,156,3.009803021971285,3.0
698,157,4.106140782645,
698,158,3.785648527042062,5.0
698,159,3.4038219670124463,1.5
698,160,4.1990008483944345,5.0
698,161,3.777874809442318,5.0
698,162,3.7017161738636855,2.5
698,163,2.98632763321837,2.0
698,164,3.91038915067881,3.5
698,165,4.11770707055624,3.5
698,166,3.2195296254903836,3.0
698,167,3.6476991192728443,3.5
698,168,4.036934723900566,5.0
698,169,3.1728504504647743,3.0
698,170,3.425593646697898,
698,171,3.3244964919455287,
698,172,3.0767209136459543,3.5
698,173,2.8126907593369084,3.0
698,174,3.432131274037542,3.5
698,175,4.0065332074150835,4.0
698,176,3.6388276652055835,5.0
698,177,2.518349889789123,
698,178,4.2955186398142455,4.5
698,179,4.050015130611722,5.0
698,180,4.058178006787275,3.5
698,181,2.636512508180302,
698,182,3.8297426863655084,4.5
698,183,2.938067137997469,1.5
698,184,3.964383019930923,4.5
698,185,2.7397406938562487,2.0
698,186,3.410667858862586,
698,187,4.021853125844291,
698,188,3.608494468838565,
698,189,3.532390304579989,5.0
698,190,3.8775341954544826,
698,191,4.3108852814581065,
698,192,3.7152170046728843,
698,193,3.627478776052219,5.0
698,194,4.080302150444798,3.5
698,195,3.7734041117991195,
698,196,4.388685094032341,4.0
698,197,3.9136152965265585,4.5
698,198,3.605440326576828,
698,199,3.4384124296149206,4.0
